id,product_id,product_title,supplier_id,supplier_name,price,category,is_active
1,171,"Eldon Base for stackable storage shelf, platinum",94,Muhammed MacIntyre,38.94,Storage & Organization,0
2,10,"1.7 Cubic Foot Compact ""Cube"" Office Refrigerators",14,Barry French,208.16,Appliances,0
3,135,"Cardinal Slant-Dﾮ Ring Binder, Heavy Gauge Vinyl",14,Barry French,8.69,Binders and Binder Accessories,1
4,276,Holmes HEPA Air Purifier,28,Carlos Soltero,21.78,Appliances,1
5,234,G.E. Longer-Life Indoor Recessed Floodlight Bulbs,28,Carlos Soltero,6.64,Office Furnishings,0
6,43,"Angle-D Binders with Locking Rings, Label Holders",25,Carl Jackson,7.3,Binders and Binder Accessories,0
7,436,"SAFCO Mobile Desk Side File, Wire Frame",25,Carl Jackson,42.76,Storage & Organization,1
8,433,"SAFCO Commercial Wire Shelving, Black",93,Monica Federle,138.14,Storage & Organization,0
9,569,Xerox 198,44,Dorothy Badders,4.98,Paper,1
10,570,Xerox 1980,95,Neola Schneider,4.28,Paper,1
11,38,Advantus Map Pennant Flags and Round Head Tacks,95,Neola Schneider,3.95,Rubber Bands,1
12,276,Holmes HEPA Air Purifier,27,Carlos Daly,21.78,Appliances,0
13,165,"DS/HD IBM Formatted Diskettes, 200/Pack - Staples",27,Carlos Daly,47.98,Computer Peripherals,1
14,518,"Wilson Jones 1"" Hanging DublLockﾮ Ring Binders",37,Claudia Miner,5.28,Binders and Binder Accessories,1
15,508,Ultra Commercial Grade Dual Valve Door Closer,95,Neola Schneider,39.89,Office Furnishings,1
16,9,"#10-4 1/8"" x 9 1/2"" Premium Diagonal Seam Envelopes",5,Allen Rosenblatt,15.74,Envelopes,1
17,281,Hon 4-Shelf Metal Bookcases,115,Sylvia Foulston,100.98,Bookcases,1
18,335,"Lesro Sheffield Collection Coffee Table, End Table, Center Table, Corner Table",115,Sylvia Foulston,71.37,Tables,1
19,71,Avery 52,28,Carlos Soltero,3.69,Labels,0
20,407,Plymouth Boxed Rubber Bands by Plymouth,28,Carlos Soltero,4.71,Rubber Bands,1
21,243,"GBC Pre-Punched Binding Paper, Plastic, White, 8-1/2"" x 11""",26,Carl Ludwig,15.99,Binders and Binder Accessories,0
22,352,"Maxell 3.5"" DS/HD IBM-Formatted Diskettes, 10/Pack",26,Carl Ludwig,4.89,Computer Peripherals,0
23,378,Newell 335,43,Don Miller,2.88,Pens & Art Supplies,0
24,441,SANFORD Liquid Accentﾙ Tank-Style Highlighters,10,Annie Cyprus,2.84,Pens & Art Supplies,1
25,131,Canon PC940 Copier,26,Carl Ludwig,449.99,Copiers and Fax,0
26,494,"Tenex Personal Project File with Scoop Front Design, Black",28,Carlos Soltero,13.48,Storage & Organization,0
27,139,Col-Eraseﾮ Pencils with Erasers,58,Grant Carroll,6.08,Pens & Art Supplies,0
28,316,"Imation 3.5"" DS/HD IBM Formatted Diskettes, 10/Pack",43,Don Miller,5.98,Computer Peripherals,0
29,516,"White Dual Perf Computer Printout Paper, 2700 Sheets, 1 Part, Heavyweight, 20 lbs., 14 7/8 x 11",43,Don Miller,40.99,Paper,1
30,448,Self-Adhesive Address Labels for Typewriters by Universal,3,Alan Barnes,7.31,Labels,0
31,233,Fuji 5.2GB DVD-RAM,67,Jack Garza,40.96,Computer Peripherals,1
32,102,Bevis Steel Folding Chairs,79,Julia West,95.95,Chairs & Chairmats,1
33,74,Avery Binder Labels,50,Eugene Barchas,3.89,Binders and Binder Accessories,0
34,289,Hon Every-Dayﾮ Chair Series Swivel Task Chairs,50,Eugene Barchas,120.98,Chairs & Chairmats,0
35,312,"IBM Multi-Purpose Copy Paper, 8 1/2 x 11"", Case",50,Eugene Barchas,30.98,Paper,1
36,265,Global Troyﾙ Executive Leather Low-Back Tilter,47,Edward Hooks,500.98,Chairs & Chairmats,1
37,591,XtraLifeﾮ ClearVueﾙ Slant-Dﾮ Ring Binders by Cardinal,19,Brad Eason,7.84,Binders and Binder Accessories,0
38,143,Computer Printout Paper with Letter-Trim Perforations,96,Nicole Hansen,18.97,Paper,1
39,60,Avery 49,1,Aaron Bergman,2.88,Labels,1
40,298,Hoover Portapowerﾙ Portable Vacuum,74,Jim Radford,4.48,Appliances,1
41,70,Avery 510,10,Annie Cyprus,3.75,Labels,0
42,532,Xerox 1881,10,Annie Cyprus,12.28,Paper,1
43,135,"Cardinal Slant-Dﾮ Ring Binder, Heavy Gauge Vinyl",10,Annie Cyprus,8.69,Binders and Binder Accessories,1
44,355,"Memorex 4.7GB DVD-RAM, 3/Pack",38,Clay Rozendal,31.78,Computer Peripherals,1
45,509,Unpadded Memo Slips,42,Don Jones,3.98,Paper,0
46,33,"Adams Telephone Message Book W/Dividers/Space For Phone Numbers, 5 1/4""X8 1/2"", 300/Messages",18,Beth Thompson,5.88,Paper,0
47,177,"Eldon Expressionsﾙ Desk Accessory, Wood Pencil Holder, Oak",54,Frank Price,9.65,Office Furnishings,0
48,73,Avery Arch Ring Binders,8,Ann Chong,58.1,Binders and Binder Accessories,0
49,44,APC 7 Outlet Network SurgeArrest Surge Protector,8,Ann Chong,80.48,Appliances,0
50,157,"Deflect-o RollaMat Studded, Beveled Mat for Medium Pile Carpeting",77,Joy Bell,92.23,Office Furnishings,1
51,405,Personal Creationsﾙ Ink Jet Cards and Labels,111,Skye Norling,11.48,Paper,0
52,273,High Speed Automatic Electric Letter Opener,15,Barry Weirich,1637.53,"Scissors, Rulers and Trimmers",0
53,563,Xerox 1966,58,Grant Carroll,6.48,Paper,0
54,582,Xerox 213,58,Grant Carroll,6.48,Paper,0
55,110,"Boston Electric Pencil Sharpener, Model 1818, Charcoal Black",2,Adrian Hane,28.15,Pens & Art Supplies,1
56,268,Hammermill CopyPlus Copy Paper (20Lb. and 84 Bright),111,Skye Norling,4.98,Paper,1
57,487,"Telephone Message Books with Fax/Mobile Section, 5 1/2"" x 3 3/16""",111,Skye Norling,6.35,Paper,1
58,145,Crate-A-Filesﾙ,6,Andrew Gjertsen,10.9,Storage & Organization,1
59,43,"Angle-D Binders with Locking Rings, Label Holders",101,Ralph Knight,7.3,Binders and Binder Accessories,0
60,18,"80 Minute CD-R Spindle, 100/Pack - Staples",45,Dorothy Wardle,39.48,Computer Peripherals,0
61,120,"Bush Westfield Collection Bookcases, Dark Cherry Finish, Fully Assembled",45,Dorothy Wardle,100.98,Bookcases,0
62,12,12-1/2 Diameter Round Wall Clock,45,Dorothy Wardle,19.98,Office Furnishings,1
63,432,SAFCO Arco Folding Chair,58,Grant Carroll,276.2,Chairs & Chairmats,1
64,6,"#10 White Business Envelopes,4 1/8 x 9 1/2",15,Barry Weirich,15.67,Envelopes,0
65,15,3M Office Air Cleaner,17,Beth Paige,25.98,Appliances,0
66,262,"Global Leather and Oak Executive Chair, Black",115,Sylvia Foulston,300.98,Chairs & Chairmats,0
67,554,Xerox 1936,96,Nicole Hansen,19.98,Paper,1
68,583,Xerox 214,96,Nicole Hansen,6.48,Paper,1
69,136,Carina Double Wide Media Storage Towers in Natural & Black,96,Nicole Hansen,80.98,Storage & Organization,1
70,478,Staplesﾮ General Use 3-Ring Binders,17,Beth Paige,1.88,Binders and Binder Accessories,0
71,543,Xerox 1904,17,Beth Paige,6.48,Paper,1
72,347,Luxo Professional Combination Clamp-On Lamps,17,Beth Paige,102.3,Office Furnishings,0
73,584,Xerox 217,17,Beth Paige,6.48,Paper,0
74,426,Revere Boxed Rubber Bands by Revere,17,Beth Paige,1.89,Rubber Bands,1
75,24,"Acco Smartsocketﾙ Table Surge Protector, 6 Color-Coded Adapter Outlets",115,Sylvia Foulston,62.05,Appliances,0
76,501,"Tennsco Snap-Together Open Shelving Units, Starter Sets and Add-On Units",22,Bryan Davis,279.48,Storage & Organization,0
77,283,Hon 4070 Series Pagodaﾙ Round Back Stacking Chairs,77,Joy Bell,320.98,Chairs & Chairmats,0
78,535,Xerox 1887,77,Joy Bell,18.97,Paper,0
79,536,Xerox 1891,77,Joy Bell,48.91,Paper,1
80,67,Avery 506,3,Alan Barnes,4.13,Labels,0
81,118,"Bush Heritage Pine Collection 5-Shelf Bookcase, Albany Pine Finish, *Special Order",58,Grant Carroll,140.98,Bookcases,0
82,339,"Lifetime Advantageﾙ Folding Chairs, 4/Carton",58,Grant Carroll,218.08,Chairs & Chairmats,1
83,366,Microsoft Natural Multimedia Keyboard,58,Grant Carroll,50.98,Computer Peripherals,1
84,477,"Staples Wirebound Steno Books, 6"" x 9"", 12/Pack",40,Delfina Latchford,10.14,Paper,0
85,243,"GBC Pre-Punched Binding Paper, Plastic, White, 8-1/2"" x 11""",42,Don Jones,15.99,Binders and Binder Accessories,0
86,97,Bevis Boat-Shaped Conference Table,46,Doug Bickford,262.11,Tables,0
87,340,"Lindenﾮ 12"" Wall Clock With Oak Frame",46,Doug Bickford,33.98,Office Furnishings,1
88,376,Newell 326,46,Doug Bickford,1.76,Pens & Art Supplies,1
89,417,Prismacolor Color Pencil Set,69,Jamie Kunitz,19.84,Pens & Art Supplies,1
90,590,Xerox Blank Computer Paper,11,Anthony Johnson,19.98,Paper,0
91,222,Fellowes Recycled Storage Drawers,5,Allen Rosenblatt,111.03,Storage & Organization,0
92,444,Satellite Sectional Post Binders,15,Barry Weirich,43.41,Binders and Binder Accessories,1
93,154,Deflect-o DuraMat Antistatic Studded Beveled Mat for Medium Pile Carpeting,46,Doug Bickford,105.34,Office Furnishings,1
94,59,Avery 487,25,Carl Jackson,3.69,Labels,1
95,100,Bevis Round Conference Table Top & Single Column Base,20,Brendan Dodson,146.34,Tables,1
96,249,"GBC Twin Loopﾙ Wire Binding Elements, 9/16"" Spine, Black",47,Edward Hooks,15.22,Binders and Binder Accessories,0
97,269,Hanging Personal Folder File,69,Jamie Kunitz,15.7,Storage & Organization,1
98,101,"Bevis Round Conference Table Top, X-Base",69,Jamie Kunitz,179.29,Tables,1
99,193,Electrix Halogen Magnifier Lamp,91,Michelle Lonsdale,194.3,Office Furnishings,1
100,123,Canon BP1200DH 12-Digit Bubble Jet Printing Calculator,20,Brendan Dodson,120.97,Office Machines,0
101,215,Fellowes Black Plastic Comb Bindings,66,Hunter Glantz,5.81,Binders and Binder Accessories,1
102,410,Polycom ViewStationﾙ Adapter H323 Videoconferencing Unit,115,Sylvia Foulston,1938.02,Office Machines,0
103,290,Hon GuestStacker Chair,50,Eugene Barchas,226.67,Chairs & Chairmats,0
104,192,Eldonﾮ Wave Desk Accessories,74,Jim Radford,2.08,Office Furnishings,0
105,454,Sharp AL-1530CS Digital Copier,28,Carlos Soltero,499.99,Copiers and Fax,0
106,499,"Tennsco Lockers, Gray",28,Carlos Soltero,20.98,Storage & Organization,1
107,53,"Avery 4027 File Folder Labels for Dot Matrix Printers, 5000 Labels per Box, White",28,Carlos Soltero,30.53,Labels,1
108,375,Newell 323,28,Carlos Soltero,1.68,Pens & Art Supplies,1
109,259,Global Enterprise Series Seating High-Back Swivel/Tilt Chairs,74,Jim Radford,270.98,Chairs & Chairmats,0
110,463,Spiral Phone Message Books with Labels by Adams,74,Jim Radford,4.48,Paper,0
111,145,Crate-A-Filesﾙ,58,Grant Carroll,10.9,Storage & Organization,0
112,274,Holmes 99% HEPA Air Purifier,111,Skye Norling,21.66,Appliances,1
113,586,Xerox 224,46,Doug Bickford,6.48,Paper,1
114,545,Xerox 1906,58,Grant Carroll,35.44,Paper,1
115,243,"GBC Pre-Punched Binding Paper, Plastic, White, 8-1/2"" x 11""",94,Muhammed MacIntyre,15.99,Binders and Binder Accessories,0
116,531,Xerox 188,94,Muhammed MacIntyre,11.34,Paper,1
117,552,Xerox 1932,94,Muhammed MacIntyre,35.44,Paper,1
118,242,GBC Linen Binding Covers,46,Doug Bickford,30.98,Binders and Binder Accessories,1
119,245,GBC Recycled Grain Textured Covers,46,Doug Bickford,34.54,Binders and Binder Accessories,0
120,445,"Sauder Facets Collection Library, Sky Alder Finish",18,Beth Thompson,170.98,Bookcases,1
121,214,"Fellowes Basic 104-Key Keyboard, Platinum",101,Ralph Knight,20.95,Computer Peripherals,1
122,326,Kensington 7 Outlet MasterPiece Power Center with Fax/Phone Line Protection,25,Carl Jackson,207.48,Appliances,0
123,387,O'Sullivan 3-Shelf Heavy-Duty Bookcases,25,Carl Jackson,58.14,Bookcases,1
124,234,G.E. Longer-Life Indoor Recessed Floodlight Bulbs,44,Dorothy Badders,6.64,Office Furnishings,0
125,399,Panasonic KX-P1150 Dot Matrix Printer,44,Dorothy Badders,145.45,Office Machines,0
126,377,Newell 327,44,Dorothy Badders,2.21,Pens & Art Supplies,0
127,538,Xerox 1893,40,Delfina Latchford,40.99,Paper,1
128,288,"Hon Deluxe Fabric Upholstered Stacking Chairs, Rounded Back",79,Julia West,243.98,Chairs & Chairmats,1
129,182,Eldon Radial Chair Mat for Low to Medium Pile Carpets,79,Julia West,39.98,Office Furnishings,1
130,150,"DAX Copper Panel Document Frame, 5 x 7 Size",19,Brad Eason,12.58,Office Furnishings,1
131,386,O'Sullivan 2-Shelf Heavy-Duty Bookcases,116,Thomas Seio,48.58,Bookcases,0
132,489,"Tenex 46"" x 60"" Computer Anti-Static Chairmat, Rectangular Shaped",116,Thomas Seio,105.98,Office Furnishings,0
133,527,"Wirebound Message Books, 2 7/8"" x 5"", 3 Forms per Page",116,Thomas Seio,7.04,Paper,0
134,360,"Memorex Slim 80 Minute CD-R, 10/Pack",93,Monica Federle,9.78,Computer Peripherals,0
135,41,Aluminum Document Frame,93,Monica Federle,12.22,Office Furnishings,0
136,358,"Memorex 80 Minute CD-R Spindle, 100/Pack",91,Michelle Lonsdale,43.98,Computer Peripherals,1
137,368,"Multi-Use Personal File Cart and Caster Set, Three Stacking Bins",54,Frank Price,34.76,Storage & Organization,1
138,580,Xerox 20,22,Bryan Davis,6.48,Paper,0
139,484,Surelockﾙ Post Binders,42,Don Jones,30.56,Binders and Binder Accessories,0
140,142,Colorificﾮ Watercolor Pencils,28,Carlos Soltero,5.16,Pens & Art Supplies,1
141,4,"*Staples* vLetter Openers, 2/Pack",28,Carlos Soltero,3.68,"Scissors, Rulers and Trimmers",1
142,284,Hon 4700 Series Mobuisﾙ Mid-Back Task Chairs with Adjustable Arms,96,Nicole Hansen,355.98,Chairs & Chairmats,0
143,112,BoxOffice By Design Rectangular and Half-Moon Meeting Room Tables,96,Nicole Hansen,218.75,Tables,1
144,174,Eldon Econocleatﾮ Chair Mats for Low Pile Carpets,18,Beth Thompson,41.47,Office Furnishings,1
145,412,Prang Drawing Pencil Set,18,Beth Thompson,2.78,Pens & Art Supplies,0
146,571,Xerox 1982,96,Nicole Hansen,22.84,Paper,0
147,548,Xerox 1924,28,Carlos Soltero,5.78,Paper,0
148,504,Turquoise Lead Holder with Pocket Clip,28,Carlos Soltero,6.7,Pens & Art Supplies,0
149,396,Okidata ML395C Color Dot Matrix Printer,44,Dorothy Badders,1360.14,Office Machines,1
150,259,Global Enterprise Series Seating High-Back Swivel/Tilt Chairs,94,Muhammed MacIntyre,270.98,Chairs & Chairmats,0
151,365,Microsoft Internet Keyboard,94,Muhammed MacIntyre,20.97,Computer Peripherals,1
152,571,Xerox 1982,43,Don Miller,22.84,Paper,1
153,260,Global Ergonomic Managers Chair,115,Sylvia Foulston,180.98,Chairs & Chairmats,0
154,390,"Office Star - Contemporary Task Swivel chair with 2-way adjustable arms, Plum",16,Becky Castell,130.98,Chairs & Chairmats,0
155,565,Xerox 1971,45,Dorothy Wardle,4.28,Paper,0
156,181,Eldon Portable Mobile Manager,45,Dorothy Wardle,28.28,Storage & Organization,1
157,167,Durable Pressboard Binders,8,Ann Chong,3.8,Binders and Binder Accessories,1
158,211,Fellowes 17-key keypad for PS/2 interface,8,Ann Chong,30.73,Computer Peripherals,1
159,220,Fellowes PB500 Electric Punch Plastic Comb Binding Machine with Manual Bind,58,Grant Carroll,1270.99,Binders and Binder Accessories,1
160,466,Staples 6 Outlet Surge,20,Brendan Dodson,11.97,Appliances,0
161,420,Recycled Eldon Regeneration Jumbo File,27,Carlos Daly,12.28,Storage & Organization,0
162,511,Verbatim DVD-R 4.7GB authoring disc,3,Alan Barnes,39.24,Computer Peripherals,1
163,128,Canon P1-DHIII Palm Printing Calculator,3,Alan Barnes,17.98,Office Machines,0
164,235,GBC Binding covers,3,Alan Barnes,12.95,Binders and Binder Accessories,1
165,375,Newell 323,96,Nicole Hansen,1.68,Pens & Art Supplies,0
166,264,"Global Stack Chair without Arms, Black",24,Cari Schnelling,25.98,Chairs & Chairmats,1
167,462,"Speediset Carbonless Redi-Letterﾮ 7"" x 8 1/2""",29,Chad Cunningham,10.31,Paper,0
168,246,GBC Recycled Regency Composition Covers,23,Bryan Mills,59.78,Binders and Binder Accessories,1
169,375,Newell 323,2,Adrian Hane,1.68,Pens & Art Supplies,1
170,442,SANFORD Major Accentﾙ Highlighters,2,Adrian Hane,7.08,Pens & Art Supplies,0
171,409,Polycom ViaVideoﾙ Desktop Video Communications Unit,103,Rick Reed,574.74,Office Machines,1
172,163,"Dixon Ticonderoga Core-Lock Colored Pencils, 48-Color Set",62,Heather Kirkland,36.55,Pens & Art Supplies,1
173,303,"Howard Miller 13-3/4"" Diameter Brushed Chrome Round Wall Clock",16,Becky Castell,51.75,Office Furnishings,0
174,423,Recycled Steel Personal File for Standard File Folders,16,Becky Castell,55.29,Storage & Organization,1
175,177,"Eldon Expressionsﾙ Desk Accessory, Wood Pencil Holder, Oak",18,Beth Thompson,9.65,Office Furnishings,0
176,8,"#10- 4 1/8"" x 9 1/2"" Security-Tint Envelopes",3,Alan Barnes,7.64,Envelopes,0
177,247,GBC Standard Plastic Binding Systems Combs,28,Carlos Soltero,8.85,Binders and Binder Accessories,1
178,551,Xerox 1930,38,Clay Rozendal,6.48,Paper,1
179,54,Avery 474,38,Clay Rozendal,2.88,Labels,0
180,428,"Riverside Palais Royal Lawyers Bookcase, Royale Cherry Finish",79,Julia West,880.98,Bookcases,1
181,272,Hewlett-Packard Deskjet 6122 Color Inkjet Printer,3,Alan Barnes,200.97,Office Machines,1
182,311,"IBM 80 Minute CD-R Spindle, 50/Pack",77,Joy Bell,20.89,Computer Peripherals,1
183,402,"Peel & Seelﾮ Recycled Catalog Envelopes, Brown",77,Joy Bell,11.58,Envelopes,1
184,67,Avery 506,77,Joy Bell,4.13,Labels,1
185,412,Prang Drawing Pencil Set,68,Jack Lebron,2.78,Pens & Art Supplies,0
186,486,TDK 4.7GB DVD+RW,11,Anthony Johnson,14.48,Computer Peripherals,0
187,507,U.S. Robotics 56K Internet Call Modem,11,Anthony Johnson,99.99,Computer Peripherals,1
188,542,Xerox 190,11,Anthony Johnson,4.98,Paper,1
189,464,Standard Lineﾙ ﾓWhile You Were Outﾔ Hardbound Telephone Message Book,50,Eugene Barchas,21.98,Paper,0
190,272,Hewlett-Packard Deskjet 6122 Color Inkjet Printer,116,Thomas Seio,200.97,Office Machines,1
191,146,Dana Halogen Swing-Arm Architect Lamp,23,Bryan Mills,40.97,Office Furnishings,1
192,437,"SAFCO PlanMaster Heigh-Adjustable Drafting Table Base, 43w x 30d x 30-37h, Black",23,Bryan Mills,349.45,Tables,0
193,336,Lexmark Z25 Color Inkjet Printer,50,Eugene Barchas,80.97,Office Machines,0
194,293,Hon Multipurpose Stacking Arm Chairs,115,Sylvia Foulston,216.6,Chairs & Chairmats,0
195,294,Hon Olson Stacker Stools,115,Sylvia Foulston,140.81,Chairs & Chairmats,0
196,209,"Executive Impressions 14"" Two-Color Numerals Wall Clock",26,Carl Ludwig,22.72,Office Furnishings,1
197,12,12-1/2 Diameter Round Wall Clock,79,Julia West,19.98,Office Furnishings,1
198,196,Epson DFX5000+ Dot Matrix Printer,42,Don Jones,1500.97,Office Machines,0
199,214,"Fellowes Basic 104-Key Keyboard, Platinum",92,Mike Pelletier,20.95,Computer Peripherals,0
200,421,"Recycled Interoffice Envelopes with String and Button Closure, 10 x 13",92,Mike Pelletier,23.99,Envelopes,1
201,248,GBC Standard Therm-A-Bind Covers,50,Eugene Barchas,24.92,Binders and Binder Accessories,0
202,18,"80 Minute CD-R Spindle, 100/Pack - Staples",8,Ann Chong,39.48,Computer Peripherals,1
203,537,Xerox 1892,8,Ann Chong,38.76,Paper,0
204,470,Staples Paper Clips,30,Charles McCrossin,2.47,Rubber Bands,1
205,361,"Metal Folding Chairs, Beige, 4/Carton",10,Annie Cyprus,33.94,Chairs & Chairmats,1
206,19,"80 Minute Slim Jewel Case CD-R , 10/Pack - Staples",10,Annie Cyprus,8.33,Computer Peripherals,0
207,143,Computer Printout Paper with Letter-Trim Perforations,28,Carlos Soltero,18.97,Paper,1
208,119,Bush Mission Pointe Library,46,Doug Bickford,150.98,Bookcases,1
209,294,Hon Olson Stacker Stools,27,Carlos Daly,140.81,Chairs & Chairmats,1
210,550,Xerox 1929,55,Fred Wasserman,22.84,Paper,0
211,279,Home/Office Personal File Carts,55,Fred Wasserman,34.76,Storage & Organization,1
212,68,Avery 507,115,Sylvia Foulston,2.88,Labels,0
213,16,3M Organizer Strips,115,Sylvia Foulston,5.4,Binders and Binder Accessories,1
214,313,"Imation 3.5 IBM Diskettes, 10/Box",115,Sylvia Foulston,8.46,Computer Peripherals,0
215,252,"GE 4 Foot Flourescent Tube, 40 Watt",115,Sylvia Foulston,14.98,Office Furnishings,1
216,205,"Executive Impressions 13"" Chairman Wall Clock",31,Charlotte Melton,25.38,Office Furnishings,1
217,362,Micro Innovations 104 Keyboard,14,Barry French,10.97,Computer Peripherals,0
218,510,US Robotics 56K V.92 External Faxmodem,62,Heather Kirkland,99.99,Computer Peripherals,1
219,225,Fellowes Staxonsteelﾮ Drawer Files,62,Heather Kirkland,193.17,Storage & Organization,1
220,488,Telescoping Adjustable Floor Lamp,64,Henry Goldwyn,19.99,Office Furnishings,0
221,127,Canon MP41DH Printing Calculator,54,Frank Price,150.98,Office Machines,1
222,446,"Sauder Facets Collection Locker/File Cabinet, Sky Alder Finish",74,Jim Radford,370.98,Storage & Organization,1
223,354,"Memo Book, 100 Message Capacity, 5 3/8ﾔ x 11ﾔ",101,Ralph Knight,6.74,Paper,1
224,90,Belkin 6 Outlet Metallic Surge Strip,40,Delfina Latchford,10.89,Appliances,0
225,581,Xerox 21,40,Delfina Latchford,6.48,Paper,1
226,238,GBC DocuBind TL200 Manual Binding Machine,106,Roy Skaria,223.98,Binders and Binder Accessories,1
227,447,"Sauder Forest Hills Library, Woodland Oak Finish",106,Roy Skaria,140.98,Bookcases,1
228,558,Xerox 1940,93,Monica Federle,54.96,Paper,1
229,84,Bagged Rubber Bands,93,Monica Federle,1.26,Rubber Bands,1
230,539,Xerox 1897,30,Charles McCrossin,4.98,Paper,1
231,408,Poly Designer Cover & Back,43,Don Miller,18.99,Binders and Binder Accessories,1
232,105,Bionaire Personal Warm Mist Humidifier/Vaporizer,72,Jeremy Lonsdale,46.89,Appliances,1
233,31,"Acmeﾮ 8"" Straight Scissors",72,Jeremy Lonsdale,12.98,"Scissors, Rulers and Trimmers",0
234,270,Heavy-Duty E-Z-Dﾮ Binders,58,Grant Carroll,10.91,Binders and Binder Accessories,0
235,268,Hammermill CopyPlus Copy Paper (20Lb. and 84 Bright),26,Carl Ludwig,4.98,Paper,0
236,159,Deluxe Rollaway Locking File with Drawer,27,Carlos Daly,415.88,Storage & Organization,0
237,314,"Imation 3.5, DISKETTE 44766 HGHLD3.52HD/FM, 10/Pack",37,Claudia Miner,5.02,Computer Peripherals,1
238,417,Prismacolor Color Pencil Set,106,Roy Skaria,19.84,Pens & Art Supplies,0
239,520,Wilson Jones DublLockﾮ D-Ring Binders,40,Delfina Latchford,6.75,Binders and Binder Accessories,0
240,104,Binder Posts,47,Edward Hooks,5.74,Binders and Binder Accessories,1
241,197,Epson LQ-570e Dot Matrix Printer,47,Edward Hooks,270.97,Office Machines,0
242,50,"Atlantic Metals Mobile 3-Shelf Bookcases, Custom Colors",43,Don Miller,260.98,Bookcases,0
243,219,Fellowes PB300 Plastic Comb Binding Machine,58,Grant Carroll,387.99,Binders and Binder Accessories,1
244,431,Rush Hierlooms Collection Rich Wood Bookcases,58,Grant Carroll,160.98,Bookcases,0
245,57,Avery 481,19,Brad Eason,3.08,Labels,1
246,454,Sharp AL-1530CS Digital Copier,30,Charles McCrossin,499.99,Copiers and Fax,0
247,433,"SAFCO Commercial Wire Shelving, Black",30,Charles McCrossin,138.14,Storage & Organization,1
248,81,"Avery Trapezoid Extra Heavy Duty 4"" Binders",30,Charles McCrossin,41.94,Binders and Binder Accessories,0
249,448,Self-Adhesive Address Labels for Typewriters by Universal,30,Charles McCrossin,7.31,Labels,1
250,425,"Rediform Wirebound ""Phone Memo"" Message Book, 11 x 5-3/4",93,Monica Federle,7.64,Paper,0
251,146,Dana Halogen Swing-Arm Architect Lamp,91,Michelle Lonsdale,40.97,Office Furnishings,1
252,255,Global Cometﾙ Stacking Armless Chair,91,Michelle Lonsdale,299.05,Chairs & Chairmats,1
253,282,Hon 4070 Series Pagodaﾙ Armless Upholstered Stacking Chairs,91,Michelle Lonsdale,291.73,Chairs & Chairmats,0
254,217,"Fellowes Internet Keyboard, Platinum",91,Michelle Lonsdale,30.42,Computer Peripherals,0
255,159,Deluxe Rollaway Locking File with Drawer,18,Beth Thompson,415.88,Storage & Organization,0
256,346,Luxo Economy Swing Arm Lamp,36,Cindy Schnelling,19.94,Office Furnishings,0
257,4,"*Staples* vLetter Openers, 2/Pack",36,Cindy Schnelling,3.68,"Scissors, Rulers and Trimmers",0
258,466,Staples 6 Outlet Surge,96,Nicole Hansen,11.97,Appliances,1
259,21,Acco Permaﾮ 2700 Stacking Storage Drawers,96,Nicole Hansen,29.74,Storage & Organization,1
260,226,Fellowes Stor/Drawerﾮ Steel Plusﾙ Storage Drawers,96,Nicole Hansen,95.43,Storage & Organization,1
261,295,Honeywell Enviracaire Portable HEPA Air Cleaner for 17' x 22' Room,24,Cari Schnelling,300.65,Appliances,1
262,513,"Verbatim DVD-RAM, 9.4GB, Rewritable, Type 1, DS, DataLife Plus",24,Cari Schnelling,45.19,Computer Peripherals,1
263,341,Lock-Up Easel 'Spel-Binder',106,Roy Skaria,28.53,Binders and Binder Accessories,0
264,35,"Adams Write n' Stick Phone Message Book, 11"" X 5 1/4"", 200 Messages",114,Susan Vittorini,5.68,Paper,0
265,493,"Tenex File Box, Personal Filing Tote with Lid, Black",114,Susan Vittorini,15.51,Storage & Organization,1
266,215,Fellowes Black Plastic Comb Bindings,115,Sylvia Foulston,5.81,Binders and Binder Accessories,0
267,47,Assorted Color Push Pins,115,Sylvia Foulston,1.81,Rubber Bands,1
268,305,HP Office Paper (20Lb. and 87 Bright),29,Chad Cunningham,6.68,Paper,0
269,475,Staples Vinyl Coated Paper Clips,29,Chad Cunningham,3.93,Rubber Bands,0
270,127,Canon MP41DH Printing Calculator,27,Carlos Daly,150.98,Office Machines,1
271,370,Newell 310,27,Carlos Daly,1.76,Pens & Art Supplies,0
272,325,Kensington 7 Outlet MasterPiece Power Center,58,Grant Carroll,177.98,Appliances,1
273,151,"DAX Metal Frame, Desktop, Stepped-Edge",79,Julia West,20.24,Office Furnishings,1
274,119,Bush Mission Pointe Library,106,Roy Skaria,150.98,Bookcases,0
275,45,Arrayﾮ Memo Cubes,18,Beth Thompson,5.18,Paper,0
276,231,"Fiskars 8"" Scissors, 2/Pack",18,Beth Thompson,17.24,"Scissors, Rulers and Trimmers",0
277,11,12 Colored Short Pencils,3,Alan Barnes,2.6,Pens & Art Supplies,1
278,406,Pizazzﾮ Global Quick Fileﾙ,3,Alan Barnes,14.97,Storage & Organization,0
279,319,Imation 5.2GB DVD-RAM,26,Carl Ludwig,60.98,Computer Peripherals,1
280,21,Acco Permaﾮ 2700 Stacking Storage Drawers,26,Carl Ludwig,29.74,Storage & Organization,0
281,411,Portable Personal File Box,26,Carl Ludwig,12.21,Storage & Organization,0
282,458,"Snap-A-Wayﾮ Black Print Carbonless Speed Message, No Reply Area, Duplicate",69,Jamie Kunitz,29.14,Paper,0
283,308,Ibico Covers for Plastic or Wire Binding Elements,62,Heather Kirkland,11.5,Binders and Binder Accessories,1
284,269,Hanging Personal Folder File,62,Heather Kirkland,15.7,Storage & Organization,1
285,497,Tennsco Double-Tier Lockers,62,Heather Kirkland,225.02,Storage & Organization,0
286,528,"Wirebound Message Books, Four 2 3/4"" x 5"" Forms per Page, 600 Sets per Book",46,Doug Bickford,9.27,Paper,1
287,29,"Acme Design Line 8"" Stainless Steel Bent Scissors w/Champagne Handles, 3-1/8"" Cut",46,Doug Bickford,6.84,"Scissors, Rulers and Trimmers",1
288,318,"Imation 3.5"", DISKETTE 44766 HGHLD3.52HD/FM, 10/Pack",46,Doug Bickford,4.98,Computer Peripherals,0
289,401,PC Concepts 116 Key Quantum 3000 Keyboard,46,Doug Bickford,32.98,Computer Peripherals,1
290,198,Epson Stylus 1520 Color Inkjet Printer,27,Carlos Daly,500.97,Office Machines,0
291,64,Avery 494,117,Toby Braunhardt,2.61,Labels,0
292,448,Self-Adhesive Address Labels for Typewriters by Universal,117,Toby Braunhardt,7.31,Labels,1
293,519,Wilson Jones 14 Line Acrylic Coated Pressboard Data Binders,24,Cari Schnelling,5.34,Binders and Binder Accessories,0
294,199,Eureka Disposable Bags for Sanitaireﾮ Vibra Groomer Iﾮ Upright Vac,116,Thomas Seio,4.06,Appliances,1
295,48,AT&T 2230 Dual Handset Phone With Caller ID/Call Waiting,116,Thomas Seio,99.99,Office Machines,1
296,402,"Peel & Seelﾮ Recycled Catalog Envelopes, Brown",116,Thomas Seio,11.58,Envelopes,0
297,134,Cardinal Poly Pocket Divider Pockets for Ring Binders,20,Brendan Dodson,3.36,Binders and Binder Accessories,1
298,130,Canon PC1060 Personal Laser Copier,20,Brendan Dodson,699.99,Copiers and Fax,1
299,479,Sterling Rubber Bands by Alliance,31,Charlotte Melton,4.71,Rubber Bands,1
300,371,Newell 312,18,Beth Thompson,5.84,Pens & Art Supplies,0
301,112,BoxOffice By Design Rectangular and Half-Moon Meeting Room Tables,18,Beth Thompson,218.75,Tables,0
302,317,"Imation 3.5"" DS/HD IBM Formatted Diskettes, 50/Pack",50,Eugene Barchas,15.98,Computer Peripherals,1
303,77,"Avery Flip-Chart Easel Binder, Black",91,Michelle Lonsdale,22.38,Binders and Binder Accessories,0
304,235,GBC Binding covers,91,Michelle Lonsdale,12.95,Binders and Binder Accessories,0
305,507,U.S. Robotics 56K Internet Call Modem,45,Dorothy Wardle,99.99,Computer Peripherals,1
306,498,Tennsco Industrial Shelving,94,Muhammed MacIntyre,48.91,Storage & Organization,1
307,468,Staples Bulldog Clip,31,Charlotte Melton,3.78,Rubber Bands,0
308,363,"Micro Innovations Micro 3000 Keyboard, Black",94,Muhammed MacIntyre,26.31,Computer Peripherals,1
309,214,"Fellowes Basic 104-Key Keyboard, Platinum",37,Claudia Miner,20.95,Computer Peripherals,1
310,533,Xerox 1882,37,Claudia Miner,55.98,Paper,1
311,136,Carina Double Wide Media Storage Towers in Natural & Black,37,Claudia Miner,80.98,Storage & Organization,0
312,411,Portable Personal File Box,20,Brendan Dodson,12.21,Storage & Organization,1
313,30,"Acme Hot Forged Carbon Steel Scissors with Nickel-Plated Handles, 3 7/8"" Cut, 8""L",45,Dorothy Wardle,13.9,"Scissors, Rulers and Trimmers",0
314,172,Eldon Cleatmatﾮ Chair Mats for Medium Pile Carpets,92,Mike Pelletier,55.5,Office Furnishings,0
315,589,Xerox 4200 Series MultiUse Premium Copy Paper (20Lb. and 84 Bright),47,Edward Hooks,5.28,Paper,0
316,286,Hon 94000 Series Round Tables,47,Edward Hooks,296.18,Tables,0
317,157,"Deflect-o RollaMat Studded, Beveled Mat for Medium Pile Carpeting",69,Jamie Kunitz,92.23,Office Furnishings,1
318,220,Fellowes PB500 Electric Punch Plastic Comb Binding Machine with Manual Bind,69,Jamie Kunitz,1270.99,Binders and Binder Accessories,0
319,261,"Global High-Back Leather Tilter, Burgundy",79,Julia West,122.99,Chairs & Chairmats,0
320,408,Poly Designer Cover & Back,72,Jeremy Lonsdale,18.99,Binders and Binder Accessories,1
321,339,"Lifetime Advantageﾙ Folding Chairs, 4/Carton",72,Jeremy Lonsdale,218.08,Chairs & Chairmats,0
322,149,"DAX Contemporary Wood Frame with Silver Metal Mat, Desktop, 11 x 14 Size",72,Jeremy Lonsdale,20.24,Office Furnishings,0
323,480,Stockwell Push Pins,72,Jeremy Lonsdale,2.18,Rubber Bands,0
324,318,"Imation 3.5"", DISKETTE 44766 HGHLD3.52HD/FM, 10/Pack",36,Cindy Schnelling,4.98,Computer Peripherals,1
325,258,"Global Deluxe Stacking Chair, Gray",66,Hunter Glantz,50.98,Chairs & Chairmats,0
326,96,Bevis 36 x 72 Conference Tables,66,Hunter Glantz,124.49,Tables,0
327,77,"Avery Flip-Chart Easel Binder, Black",66,Hunter Glantz,22.38,Binders and Binder Accessories,0
328,304,"Howard Miller 16"" Diameter Gallery Wall Clock",79,Julia West,63.94,Office Furnishings,1
329,26,"ACCOHIDEﾮ 3-Ring Binder, Blue, 1""",27,Carlos Daly,4.13,Binders and Binder Accessories,1
330,261,"Global High-Back Leather Tilter, Burgundy",14,Barry French,122.99,Chairs & Chairmats,0
331,522,"Wilson Jones Hanging View Binder, White, 1""",114,Susan Vittorini,7.1,Binders and Binder Accessories,0
332,108,Boston 1730 StandUp Electric Pencil Sharpener,25,Carl Jackson,21.38,Pens & Art Supplies,1
333,211,Fellowes 17-key keypad for PS/2 interface,3,Alan Barnes,30.73,Computer Peripherals,1
334,269,Hanging Personal Folder File,31,Charlotte Melton,15.7,Storage & Organization,0
335,308,Ibico Covers for Plastic or Wire Binding Elements,18,Beth Thompson,11.5,Binders and Binder Accessories,0
336,298,Hoover Portapowerﾙ Portable Vacuum,23,Bryan Mills,4.48,Appliances,0
337,216,Fellowes Command Center 5-outlet power strip,3,Alan Barnes,67.84,Appliances,1
338,432,SAFCO Arco Folding Chair,3,Alan Barnes,276.2,Chairs & Chairmats,0
339,263,"Global Leather Highback Executive Chair with Pneumatic Height Adjustment, Black",92,Mike Pelletier,200.98,Chairs & Chairmats,1
340,239,GBC DocuBind TL300 Electric Binding System,114,Susan Vittorini,896.99,Binders and Binder Accessories,0
341,244,"GBC Prepunched Paper, 19-Hole, for Binding Systems, 24-lb",45,Dorothy Wardle,15.01,Binders and Binder Accessories,0
342,365,Microsoft Internet Keyboard,45,Dorothy Wardle,20.97,Computer Peripherals,0
343,485,TDK 4.7GB DVD-R,45,Dorothy Wardle,10.01,Computer Peripherals,1
344,567,Xerox 1977,114,Susan Vittorini,6.68,Paper,1
345,153,DAX Solid Wood Frames,69,Jamie Kunitz,9.77,Office Furnishings,0
346,296,Honeywell Enviracaireﾮ Portable Air Cleaner for up to 8 x 10 Room,55,Fred Wasserman,76.72,Appliances,1
347,92,Belkin 8 Outlet SurgeMaster II Gold Surge Protector,46,Doug Bickford,59.98,Appliances,1
348,421,"Recycled Interoffice Envelopes with String and Button Closure, 10 x 13",114,Susan Vittorini,23.99,Envelopes,1
349,369,Multimedia Mailers,46,Doug Bickford,162.93,Envelopes,0
350,515,"White Business Envelopes with Contemporary Seam, Recycled White Business Envelopes",37,Claudia Miner,10.94,Envelopes,0
351,82,"Avery Trapezoid Ring Binder, 3"" Capacity, Black, 1040 sheets",37,Claudia Miner,40.98,Binders and Binder Accessories,1
352,168,"DXLﾙ Angle-View Binders with Locking Rings, Black",54,Frank Price,5.99,Binders and Binder Accessories,1
353,383,Newellﾮ 3-Hole Punched Plastic Slotted Magazine Holders for Binders,45,Dorothy Wardle,4.57,Binders and Binder Accessories,1
354,333,Laser & Ink Jet Business Envelopes,45,Dorothy Wardle,10.67,Envelopes,0
355,395,Okidata ML390 Turbo Dot Matrix Printers,45,Dorothy Wardle,442.14,Office Machines,0
356,183,"Eldon Regeneration Recycled Desk Accessories, Smoke",5,Allen Rosenblatt,1.74,Office Furnishings,1
357,340,"Lindenﾮ 12"" Wall Clock With Oak Frame",79,Julia West,33.98,Office Furnishings,1
358,257,Global Deluxe High-Back Office Chair in Storm,91,Michelle Lonsdale,135.99,Chairs & Chairmats,0
359,304,"Howard Miller 16"" Diameter Gallery Wall Clock",31,Charlotte Melton,63.94,Office Furnishings,0
360,126,Canon MP100DHII Printing Calculator,31,Charlotte Melton,140.99,Office Machines,1
361,511,Verbatim DVD-R 4.7GB authoring disc,95,Neola Schneider,39.24,Computer Peripherals,0
362,425,"Rediform Wirebound ""Phone Memo"" Message Book, 11 x 5-3/4",95,Neola Schneider,7.64,Paper,0
363,122,"C-Line Cubicle Keepers Polyproplyene Holder w/Velcroﾮ Back, 8-1/2x11, 25/Bx",77,Joy Bell,54.74,Office Furnishings,0
364,69,Avery 51,93,Monica Federle,6.3,Labels,1
365,441,SANFORD Liquid Accentﾙ Tank-Style Highlighters,69,Jamie Kunitz,2.84,Pens & Art Supplies,0
366,80,Avery Poly Binder Pockets,114,Susan Vittorini,3.58,Binders and Binder Accessories,0
367,160,"Dixon My First Ticonderoga Pencil, #2",114,Susan Vittorini,5.85,Pens & Art Supplies,0
368,28,Accoﾮ Hot Clipsﾙ Clips to Go,114,Susan Vittorini,3.29,Rubber Bands,1
369,232,Fiskarsﾮ Softgrip Scissors,30,Charles McCrossin,10.98,"Scissors, Rulers and Trimmers",0
370,194,"Elite 5"" Scissors",24,Cari Schnelling,8.45,"Scissors, Rulers and Trimmers",0
371,186,Eldon Wave Desk Accessories,46,Doug Bickford,5.89,Office Furnishings,0
372,55,Avery 478,43,Don Miller,4.91,Labels,0
373,106,Boston 16701 Slimline Battery Pencil Sharpener,43,Don Miller,15.94,Pens & Art Supplies,0
374,571,Xerox 1982,55,Fred Wasserman,22.84,Paper,1
375,459,"Soundgear Copyboard Conference Phone, Optional Battery",23,Bryan Mills,204.1,Office Machines,0
376,164,"Dot Matrix Printer Tape Reel Labels, White, 5000/Box",27,Carlos Daly,98.31,Labels,0
377,203,Euro Pro Shark Stick Mini Vacuum,77,Joy Bell,60.98,Appliances,0
378,399,Panasonic KX-P1150 Dot Matrix Printer,37,Claudia Miner,145.45,Office Machines,0
379,420,Recycled Eldon Regeneration Jumbo File,37,Claudia Miner,12.28,Storage & Organization,1
380,492,"Tenex Contemporary Contur Chairmats for Low and Medium Pile Carpet, Computer, 39"" x 49""",18,Beth Thompson,107.53,Office Furnishings,0
381,66,Avery 498,5,Allen Rosenblatt,2.89,Labels,0
382,414,Premium Transparent Presentation Covers by GBC,18,Beth Thompson,20.98,Binders and Binder Accessories,1
383,86,"Barricks 18"" x 48"" Non-Folding Utility Table with Bottom Storage Shelf",18,Beth Thompson,100.8,Tables,0
384,250,GBC VeloBinder Electric Binding Machine,114,Susan Vittorini,120.98,Binders and Binder Accessories,0
385,116,Brown Kraft Recycled Envelopes,115,Sylvia Foulston,16.98,Envelopes,1
386,31,"Acmeﾮ 8"" Straight Scissors",77,Joy Bell,12.98,"Scissors, Rulers and Trimmers",0
387,17,"3M Polarizing Task Lamp with Clamp Arm, Light Gray",24,Cari Schnelling,136.98,Office Furnishings,0
388,271,Hewlett-Packard Deskjet 5550 Color Inkjet Printer,5,Allen Rosenblatt,115.99,Office Machines,0
389,218,Fellowes Neat Ideasﾮ Storage Cubes,44,Dorothy Badders,32.48,Storage & Organization,0
390,334,"Lesro Round Back Collection Coffee Table, End Table",44,Dorothy Badders,182.55,Tables,0
391,62,Avery 492,92,Mike Pelletier,2.88,Labels,1
392,382,Newell 343,92,Mike Pelletier,2.94,Pens & Art Supplies,1
393,420,Recycled Eldon Regeneration Jumbo File,46,Doug Bickford,12.28,Storage & Organization,0
394,437,"SAFCO PlanMaster Heigh-Adjustable Drafting Table Base, 43w x 30d x 30-37h, Black",46,Doug Bickford,349.45,Tables,0
395,132,Canon S750 Color Inkjet Printer,114,Susan Vittorini,120.97,Office Machines,0
396,397,Panasonic KP-310 Heavy-Duty Electric Pencil Sharpener,6,Andrew Gjertsen,21.98,Pens & Art Supplies,1
397,49,"AT&T Black Trimline Phone, Model 210",94,Muhammed MacIntyre,15.99,Office Machines,0
398,374,Newell 318,94,Muhammed MacIntyre,2.78,Pens & Art Supplies,0
399,471,"Staples Pen Style Liquid Stix; Assorted (yellow, pink, green, blue, orange), 5/Pack",94,Muhammed MacIntyre,6.47,Pens & Art Supplies,0
400,475,Staples Vinyl Coated Paper Clips,94,Muhammed MacIntyre,3.93,Rubber Bands,1
401,17,"3M Polarizing Task Lamp with Clamp Arm, Light Gray",74,Jim Radford,136.98,Office Furnishings,1
402,61,Avery 491,22,Bryan Davis,4.13,Labels,1
403,215,Fellowes Black Plastic Comb Bindings,11,Anthony Johnson,5.81,Binders and Binder Accessories,1
404,177,"Eldon Expressionsﾙ Desk Accessory, Wood Pencil Holder, Oak",11,Anthony Johnson,9.65,Office Furnishings,0
405,387,O'Sullivan 3-Shelf Heavy-Duty Bookcases,46,Doug Bickford,58.14,Bookcases,0
406,443,Sanyo 2.5 Cubic Foot Mid-Size Office Refrigerators,43,Don Miller,279.81,Appliances,1
407,297,Honeywell Quietcare HEPA Air Cleaner,42,Don Jones,78.65,Appliances,0
408,469,Staples Colored Bar Computer Paper,29,Chad Cunningham,35.44,Paper,0
409,107,Boston 16765 Mini Stand Up Battery Pencil Sharpener,100,Ralph Arnett,11.66,Pens & Art Supplies,0
410,467,Staples Battery-Operated Desktop Pencil Sharpener,100,Ralph Arnett,10.48,Pens & Art Supplies,0
411,187,Eldonﾮ 200 Classﾙ Desk Accessories,96,Nicole Hansen,6.28,Office Furnishings,1
412,359,"Memorex 80 Minute CD-R, 30/Pack",55,Fred Wasserman,22.98,Computer Peripherals,1
413,262,"Global Leather and Oak Executive Chair, Black",23,Bryan Mills,300.98,Chairs & Chairmats,0
414,166,"Dual Level, Single-Width Filing Carts",100,Ralph Arnett,155.06,Storage & Organization,1
415,223,"Fellowes Smart Design 104-Key Enhanced Keyboard, PS/2 Adapter, Platinum",46,Doug Bickford,55.94,Computer Peripherals,0
416,518,"Wilson Jones 1"" Hanging DublLockﾮ Ring Binders",50,Eugene Barchas,5.28,Binders and Binder Accessories,1
417,351,"Master Giant Footﾮ Doorstop, Safety Yellow",19,Brad Eason,7.59,Office Furnishings,0
418,404,"Perma STOR-ALLﾙ Hanging File Box, 13 1/8""W x 12 1/4""D x 10 1/2""H",19,Brad Eason,5.98,Storage & Organization,0
419,195,Epson DFX-8500 Dot Matrix Printer,45,Dorothy Wardle,2550.14,Office Machines,0
420,557,Xerox 194,101,Ralph Knight,55.48,Paper,1
421,63,Avery 493,95,Neola Schneider,4.91,Labels,1
422,98,"Bevis Round Bullnose 29"" High Table Top",95,Neola Schneider,259.71,Tables,0
423,246,GBC Recycled Regency Composition Covers,58,Grant Carroll,59.78,Binders and Binder Accessories,1
424,67,Avery 506,58,Grant Carroll,4.13,Labels,1
425,564,Xerox 197,58,Grant Carroll,30.98,Paper,1
426,190,"Eldonﾮ Expressionsﾙ Wood Desk Accessories, Oak",79,Julia West,7.38,Office Furnishings,0
427,553,Xerox 1935,94,Muhammed MacIntyre,26.38,Paper,0
428,403,Peel & Stick Add-On Corner Pockets,114,Susan Vittorini,2.16,Binders and Binder Accessories,1
429,202,Eureka The Bossﾮ Cordless Rechargeable Stick Vac,115,Sylvia Foulston,50.98,Appliances,0
430,192,Eldonﾮ Wave Desk Accessories,46,Doug Bickford,2.08,Office Furnishings,0
431,544,Xerox 1905,46,Doug Bickford,6.48,Paper,1
432,213,Fellowes Bankers Boxﾙ Staxonsteelﾮ Drawer File/Stacking System,46,Doug Bickford,64.98,Storage & Organization,1
433,206,"Executive Impressions 13"" Clairmont Wall Clock",44,Dorothy Badders,19.23,Office Furnishings,0
434,262,"Global Leather and Oak Executive Chair, Black",64,Henry Goldwyn,300.98,Chairs & Chairmats,1
435,265,Global Troyﾙ Executive Leather Low-Back Tilter,64,Henry Goldwyn,500.98,Chairs & Chairmats,0
436,513,"Verbatim DVD-RAM, 9.4GB, Rewritable, Type 1, DS, DataLife Plus",64,Henry Goldwyn,45.19,Computer Peripherals,1
437,473,Staples SlimLine Pencil Sharpener,58,Grant Carroll,11.97,Pens & Art Supplies,1
438,416,Presstex Flexible Ring Binders,29,Chad Cunningham,4.55,Binders and Binder Accessories,0
439,357,"Memorex 4.7GB DVD+RW, 3/Pack",18,Beth Thompson,28.48,Computer Peripherals,1
440,178,Eldon Image Series Black Desk Accessories,18,Beth Thompson,4.14,Office Furnishings,0
441,58,Avery 485,6,Andrew Gjertsen,12.53,Labels,1
442,160,"Dixon My First Ticonderoga Pencil, #2",6,Andrew Gjertsen,5.85,Pens & Art Supplies,0
443,254,Global Adaptabilitiesﾙ Conference Tables,115,Sylvia Foulston,280.98,Tables,0
444,325,Kensington 7 Outlet MasterPiece Power Center,91,Michelle Lonsdale,177.98,Appliances,1
445,258,"Global Deluxe Stacking Chair, Gray",91,Michelle Lonsdale,50.98,Chairs & Chairmats,1
446,534,Xerox 1885,24,Cari Schnelling,48.04,Paper,0
447,56,Avery 479,64,Henry Goldwyn,2.61,Labels,0
448,49,"AT&T Black Trimline Phone, Model 210",47,Edward Hooks,15.99,Office Machines,0
449,230,"Fellowes Twister Kit, Gray/Clear, 3/pkg",20,Brendan Dodson,8.04,Binders and Binder Accessories,1
450,180,Eldon Pizzazﾙ Desk Accessories,20,Brendan Dodson,2.23,Office Furnishings,1
451,235,GBC Binding covers,61,Harold Engle,12.95,Binders and Binder Accessories,1
452,271,Hewlett-Packard Deskjet 5550 Color Inkjet Printer,105,Roy French,115.99,Office Machines,1
453,342,Logitech Access Keyboard,60,Guy Armstrong,15.98,Computer Peripherals,1
454,227,"Fellowes Strictly Businessﾮ Drawer File, Letter/Legal Size",71,Jennifer Braxton,140.85,Storage & Organization,0
455,379,Newell 336,57,Giulietta Baptist,4.28,Pens & Art Supplies,0
456,144,"Conquestﾙ 14 Commercial Heavy-Duty Upright Vacuum, Collection System, Accessory Kit",68,Jack Lebron,56.96,Appliances,1
457,501,"Tennsco Snap-Together Open Shelving Units, Starter Sets and Add-On Units",68,Jack Lebron,279.48,Storage & Organization,1
458,237,GBC DocuBind P100 Manual Binding Machine,49,Erica Bern,165.98,Binders and Binder Accessories,1
459,65,Avery 497,49,Erica Bern,3.08,Labels,0
460,435,SAFCO Folding Chair Trolley,63,Helen Abelman,128.24,Chairs & Chairmats,1
461,349,"Manila Recycled Extra-Heavyweight Clasp Envelopes, 6"" x 9""",60,Guy Armstrong,10.98,Envelopes,0
462,512,"Verbatim DVD-RAM, 5.2GB, Rewritable, Type 1, DS",63,Helen Abelman,29.89,Computer Peripherals,1
463,329,Keytronic Designer 104- Key Black Keyboard,34,Christopher Schild,40.48,Computer Peripherals,0
464,52,Avanti 4.4 Cu. Ft. Refrigerator,105,Roy French,180.98,Appliances,0
465,119,Bush Mission Pointe Library,71,Jennifer Braxton,150.98,Bookcases,1
466,23,"Acco Pressboard Covers with Storage Hooks, 14 7/8"" x 11"", Dark Blue",71,Jennifer Braxton,3.81,Binders and Binder Accessories,0
467,308,Ibico Covers for Plastic or Wire Binding Elements,78,Joy Smith,11.5,Binders and Binder Accessories,1
468,111,Boston KS Multi-Size Manual Pencil Sharpener,51,Evan Minnotte,22.99,Pens & Art Supplies,1
469,307,"Hunt BOSTONﾮ Vistaﾮ Battery-Operated Pencil Sharpener, Black",51,Evan Minnotte,11.66,Pens & Art Supplies,0
470,350,Martin-Yale Premier Letter Opener,70,Jenna Caffey,12.88,"Scissors, Rulers and Trimmers",0
471,422,Recycled Premium Regency Composition Covers,61,Harold Engle,15.28,Binders and Binder Accessories,0
472,51,"Atlantic Metals Mobile 5-Shelf Bookcases, Custom Colors",61,Harold Engle,300.98,Bookcases,1
473,63,Avery 493,61,Harold Engle,4.91,Labels,0
474,228,Fellowes Super Stor/Drawerﾮ,61,Harold Engle,27.75,Storage & Organization,0
475,430,"Rubbermaid ClusterMat Chairmats, Mat Size- 66"" x 60"", Lip 20"" x 11"" -90 Degree Angle",65,Hilary Holden,110.98,Office Furnishings,0
476,2,*Staples* Letter Opener,65,Hilary Holden,2.18,"Scissors, Rulers and Trimmers",1
477,130,Canon PC1060 Personal Laser Copier,65,Hilary Holden,699.99,Copiers and Fax,1
478,78,Avery Hi-Literﾮ Fluorescent Desk Style Markers,34,Christopher Schild,3.38,Pens & Art Supplies,0
479,7,"#10- 4 1/8"" x 9 1/2"" Recycled Envelopes",61,Harold Engle,8.74,Envelopes,1
480,25,Acco Suede Grain Vinyl Round Ring Binder,59,Greg Guthrie,2.78,Binders and Binder Accessories,1
481,178,Eldon Image Series Black Desk Accessories,59,Greg Guthrie,4.14,Office Furnishings,0
482,582,Xerox 213,59,Greg Guthrie,6.48,Paper,1
483,381,Newell 342,59,Greg Guthrie,3.28,Pens & Art Supplies,0
484,465,"Staples #10 Laser & Inkjet Envelopes, 4 1/8"" x 9 1/2"", 100/Box",60,Guy Armstrong,9.78,Envelopes,1
485,380,Newell 337,60,Guy Armstrong,3.28,Pens & Art Supplies,1
486,235,GBC Binding covers,78,Joy Smith,12.95,Binders and Binder Accessories,0
487,248,GBC Standard Therm-A-Bind Covers,78,Joy Smith,24.92,Binders and Binder Accessories,1
488,364,"Micro Innovations Micro Digital Wireless Keyboard and Mouse, Gray",49,Erica Bern,83.1,Computer Peripherals,0
489,173,Eldon ClusterMat Chair Mat with Cordless Antistatic Protection,49,Erica Bern,90.98,Office Furnishings,1
490,573,Xerox 1985,39,Dan Reichenbach,6.48,Paper,0
491,593,Zoom V.92 V.44 PCI Internal Controllerless FaxModem,49,Erica Bern,39.99,Computer Peripherals,0
492,262,"Global Leather and Oak Executive Chair, Black",60,Guy Armstrong,300.98,Chairs & Chairmats,0
493,500,"Tennsco Lockers, Sand",60,Guy Armstrong,20.98,Storage & Organization,0
494,547,Xerox 1920,51,Evan Minnotte,5.98,Paper,1
495,549,Xerox 1928,78,Joy Smith,5.28,Paper,1
496,556,Xerox 1939,78,Joy Smith,18.97,Paper,0
497,348,Magna Visual Magnetic Picture Hangers,98,Paul Gonzalez,4.82,Office Furnishings,1
498,568,Xerox 1978,78,Joy Smith,5.78,Paper,1
499,447,"Sauder Forest Hills Library, Woodland Oak Finish",59,Greg Guthrie,140.98,Bookcases,1
500,261,"Global High-Back Leather Tilter, Burgundy",59,Greg Guthrie,122.99,Chairs & Chairmats,0
501,526,"Wirebound Message Book, 4 per Page",78,Joy Smith,5.43,Paper,1
502,357,"Memorex 4.7GB DVD+RW, 3/Pack",78,Joy Smith,28.48,Computer Peripherals,0
503,299,Hoover WindTunnelﾙ Plus Canister Vacuum,59,Greg Guthrie,363.25,Appliances,1
504,378,Newell 335,59,Greg Guthrie,2.88,Pens & Art Supplies,1
505,592,Zoom V.92 USB External Faxmodem,68,Jack Lebron,49.99,Computer Peripherals,1
506,488,Telescoping Adjustable Floor Lamp,78,Joy Smith,19.99,Office Furnishings,0
507,524,"Wilson Jones Ledger-Size, Piano-Hinge Binder, 2"", Blue",51,Evan Minnotte,40.98,Binders and Binder Accessories,0
508,176,"Eldon Expressions Punched Metal & Wood Desk Accessories, Pewter & Cherry",35,Chuck Magee,10.64,Office Furnishings,1
509,412,Prang Drawing Pencil Set,35,Chuck Magee,2.78,Pens & Art Supplies,1
510,576,Xerox 1992,52,Filia McAdams,5.98,Paper,0
511,502,TI 36X Solar Scientific Calculator,68,Jack Lebron,23.99,Office Machines,0
512,454,Sharp AL-1530CS Digital Copier,68,Jack Lebron,499.99,Copiers and Fax,0
513,281,Hon 4-Shelf Metal Bookcases,61,Harold Engle,100.98,Bookcases,1
514,155,"Deflect-o EconoMat Nonstudded, No Bevel Mat",61,Harold Engle,51.65,Office Furnishings,0
515,341,Lock-Up Easel 'Spel-Binder',68,Jack Lebron,28.53,Binders and Binder Accessories,0
516,507,U.S. Robotics 56K Internet Call Modem,68,Jack Lebron,99.99,Computer Peripherals,1
517,108,Boston 1730 StandUp Electric Pencil Sharpener,53,Frank Atkinson,21.38,Pens & Art Supplies,1
518,113,Bretford CR4500 Series Slim Rectangular Table,53,Frank Atkinson,348.21,Tables,0
519,203,Euro Pro Shark Stick Mini Vacuum,68,Jack Lebron,60.98,Appliances,1
520,285,Hon 5100 Series Wood Tables,68,Jack Lebron,290.98,Tables,1
521,93,Belkin ErgoBoardﾙ Keyboard,51,Evan Minnotte,30.98,Computer Peripherals,1
522,427,Riverleaf Stik-Withitﾮ Designer Note Cubesﾮ,78,Joy Smith,10.06,Paper,1
523,141,Coloredge Poster Frame,39,Dan Reichenbach,14.2,Office Furnishings,1
524,547,Xerox 1920,53,Frank Atkinson,5.98,Paper,1
525,453,Sharp 1540cs Digital Laser Copier,49,Erica Bern,549.99,Copiers and Fax,1
526,278,"Holmes Replacement Filter for HEPA Air Cleaner, Very Large Room, HEPA Filter",68,Jack Lebron,68.81,Appliances,0
527,523,Wilson Jones Impact Binders,52,Filia McAdams,5.18,Binders and Binder Accessories,0
528,236,GBC DocuBind 200 Manual Binding Machine,68,Jack Lebron,420.98,Binders and Binder Accessories,0
529,158,"Deflect-o SuperTrayﾙ Unbreakable Stackable Tray, Letter, Black",68,Jack Lebron,29.18,Office Furnishings,1
530,440,Sanford Liquid Accent Highlighters,57,Giulietta Baptist,6.68,Pens & Art Supplies,1
531,275,Holmes Harmony HEPA Air Purifier for 17 x 20 Room,78,Joy Smith,225.04,Appliances,1
532,441,SANFORD Liquid Accentﾙ Tank-Style Highlighters,78,Joy Smith,2.84,Pens & Art Supplies,0
533,291,Hon iLevelﾙ Computer Training Table,78,Joy Smith,31.76,Tables,1
534,188,"Eldonﾮ 200 Classﾙ Desk Accessories, Burgundy",59,Greg Guthrie,6.28,Office Furnishings,1
535,18,"80 Minute CD-R Spindle, 100/Pack - Staples",28,Carlos Soltero,39.48,Computer Peripherals,0
536,14,3M Hangers With Command Adhesive,28,Carlos Soltero,3.7,Office Furnishings,1
537,530,X-Rackﾙ File for Hanging Folders,61,Harold Engle,11.29,Storage & Organization,0
538,309,Ibico EB-19 Dual Function Manual Binding System,49,Erica Bern,172.99,Binders and Binder Accessories,1
539,312,"IBM Multi-Purpose Copy Paper, 8 1/2 x 11"", Case",65,Hilary Holden,30.98,Paper,1
540,461,Southworth 25% Cotton Premium Laser Paper and Envelopes,65,Hilary Holden,19.98,Paper,1
541,434,Safco Contoured Stacking Chairs,52,Filia McAdams,238.4,Chairs & Chairmats,0
542,129,Canon PC-428 Personal Copier,52,Filia McAdams,199.99,Copiers and Fax,0
543,474,Staples Standard Envelopes,59,Greg Guthrie,5.68,Envelopes,1
544,12,12-1/2 Diameter Round Wall Clock,59,Greg Guthrie,19.98,Office Furnishings,0
545,338,Lexmark Z55se Color Inkjet Printer,61,Harold Engle,90.97,Office Machines,0
546,103,Binder Clips by OIC,99,Philip Brown,1.48,Rubber Bands,0
547,52,Avanti 4.4 Cu. Ft. Refrigerator,63,Helen Abelman,180.98,Appliances,1
548,224,"Fellowes Smart Surge Ten-Outlet Protector, Platinum",65,Hilary Holden,60.22,Appliances,0
549,129,Canon PC-428 Personal Copier,65,Hilary Holden,199.99,Copiers and Fax,1
550,41,Aluminum Document Frame,34,Christopher Schild,12.22,Office Furnishings,0
551,514,Wausau Papers Astrobrightsﾮ Colored Envelopes,28,Carlos Soltero,5.98,Envelopes,1
552,371,Newell 312,28,Carlos Soltero,5.84,Pens & Art Supplies,0
553,415,"Pressboard Covers with Storage Hooks, 9 1/2"" x 11"", Light Blue",49,Erica Bern,4.91,Binders and Binder Accessories,0
554,125,Canon imageCLASS 2200 Advanced Copier,49,Erica Bern,3499.99,Copiers and Fax,0
555,371,Newell 312,49,Erica Bern,5.84,Pens & Art Supplies,1
556,138,"Chromcraft Bull-Nose Wood 48"" x 96"" Rectangular Conference Tables",49,Erica Bern,550.98,Tables,0
557,513,"Verbatim DVD-RAM, 9.4GB, Rewritable, Type 1, DS, DataLife Plus",78,Joy Smith,45.19,Computer Peripherals,1
558,321,"Imation Neon Mac Format Diskettes, 10/Pack",34,Christopher Schild,8.12,Computer Peripherals,0
559,155,"Deflect-o EconoMat Nonstudded, No Bevel Mat",34,Christopher Schild,51.65,Office Furnishings,0
560,440,Sanford Liquid Accent Highlighters,34,Christopher Schild,6.68,Pens & Art Supplies,1
561,454,Sharp AL-1530CS Digital Copier,51,Evan Minnotte,499.99,Copiers and Fax,0
562,208,"Executive Impressions 14"" Contract Wall Clock",34,Christopher Schild,22.23,Office Furnishings,1
563,1,*Staples* Highlighting Markers,59,Greg Guthrie,4.84,Pens & Art Supplies,1
564,109,Boston 19500 Mighty Mite Electric Pencil Sharpener,61,Harold Engle,20.15,Pens & Art Supplies,0
565,579,Xerox 1995,99,Philip Brown,6.48,Paper,0
566,449,Self-Adhesive Ring Binder Labels,28,Carlos Soltero,3.52,Binders and Binder Accessories,1
567,137,Catalog Binders with Expanding Posts,71,Jennifer Braxton,67.28,Binders and Binder Accessories,1
568,3,*Staples* Packaging Labels,39,Dan Reichenbach,2.89,Labels,0
569,156,"Deflect-o EconoMat Studded, No Bevel Mat for Low Pile Carpeting",39,Dan Reichenbach,41.32,Office Furnishings,1
570,419,"Recycled Desk Saver Line ""While You Were Out"" Book, 5 1/2"" X 4""",39,Dan Reichenbach,8.95,Paper,0
571,20,9-3/4 Diameter Round Wall Clock,28,Carlos Soltero,13.79,Office Furnishings,0
572,343,Logitech Cordless Elite Duo,28,Carlos Soltero,100.98,Computer Peripherals,0
573,585,Xerox 220,28,Carlos Soltero,6.48,Paper,1
574,343,Logitech Cordless Elite Duo,57,Giulietta Baptist,100.98,Computer Peripherals,0
575,124,Canon Image Class D660 Copier,68,Jack Lebron,599.99,Copiers and Fax,1
576,11,12 Colored Short Pencils,60,Guy Armstrong,2.6,Pens & Art Supplies,1
577,79,Avery Legal 4-Ring Binder,65,Hilary Holden,20.98,Binders and Binder Accessories,0
578,300,Hooverﾮ Commercial Lightweight Upright Vacuum,68,Jack Lebron,3.48,Appliances,0
579,140,Colored Envelopes,49,Erica Bern,3.69,Envelopes,0
580,560,Xerox 1953,49,Erica Bern,4.28,Paper,0
581,236,GBC DocuBind 200 Manual Binding Machine,61,Harold Engle,420.98,Binders and Binder Accessories,0
582,152,DAX Natural Wood-Tone Poster Frame,61,Harold Engle,26.48,Office Furnishings,0
583,474,Staples Standard Envelopes,75,Jim Sink,5.68,Envelopes,0
584,244,"GBC Prepunched Paper, 19-Hole, for Binding Systems, 24-lb",71,Jennifer Braxton,15.01,Binders and Binder Accessories,1
585,329,Keytronic Designer 104- Key Black Keyboard,71,Jennifer Braxton,40.48,Computer Peripherals,0
586,420,Recycled Eldon Regeneration Jumbo File,71,Jennifer Braxton,12.28,Storage & Organization,0
587,247,GBC Standard Plastic Binding Systems Combs,78,Joy Smith,8.85,Binders and Binder Accessories,1
588,394,Office Star Flex Back Scooter Chair with White Frame,78,Joy Smith,110.98,Chairs & Chairmats,0
589,559,Xerox 1941,61,Harold Engle,104.85,Paper,1
590,258,"Global Deluxe Stacking Chair, Gray",99,Philip Brown,50.98,Chairs & Chairmats,0
591,148,DAX Clear Channel Poster Frame,99,Philip Brown,14.58,Office Furnishings,1
592,490,Tenex B1-RE Series Chair Mats for Low Pile Carpets,99,Philip Brown,45.98,Office Furnishings,1
593,88,Belkin 105-Key Black Keyboard,57,Giulietta Baptist,19.98,Computer Peripherals,0
594,362,Micro Innovations 104 Keyboard,57,Giulietta Baptist,10.97,Computer Peripherals,0
595,240,GBC Imprintable Covers,98,Paul Gonzalez,10.98,Binders and Binder Accessories,0
596,241,"GBC Laser Imprintable Binding System Covers, Desert Sand",86,Logan Haushalter,14.27,Binders and Binder Accessories,0
597,456,"Sharp EL501VB Scientific Calculator, Battery Operated, 10-Digit Display, Hard Case",86,Logan Haushalter,9.49,Office Machines,0
598,293,Hon Multipurpose Stacking Arm Chairs,52,Filia McAdams,216.6,Chairs & Chairmats,1
599,207,"Executive Impressions 14""",28,Carlos Soltero,22.23,Office Furnishings,1
600,512,"Verbatim DVD-RAM, 5.2GB, Rewritable, Type 1, DS",49,Erica Bern,29.89,Computer Peripherals,1
601,460,Southworth 25% Cotton Antique Laid Paper & Envelopes,49,Erica Bern,8.34,Paper,1
602,96,Bevis 36 x 72 Conference Tables,59,Greg Guthrie,124.49,Tables,0
603,554,Xerox 1936,39,Dan Reichenbach,19.98,Paper,1
604,189,"Eldonﾮ 400 Classﾙ Desk Accessories, Black Carbon",75,Jim Sink,8.75,Office Furnishings,1
605,160,"Dixon My First Ticonderoga Pencil, #2",75,Jim Sink,5.85,Pens & Art Supplies,1
606,167,Durable Pressboard Binders,28,Carlos Soltero,3.8,Binders and Binder Accessories,0
607,34,"Adams Telephone Message Book w/Frequently-Called Numbers Space, 400 Messages per Book",28,Carlos Soltero,7.98,Paper,0
608,115,Bretford ﾓJust In Timeﾔ Height-Adjustable Multi-Task Work Tables,28,Carlos Soltero,417.4,Tables,1
609,46,"Arrayﾮ Parchment Paper, Assorted Colors",35,Chuck Magee,7.28,Paper,0
610,76,Avery Durable Poly Binders,99,Philip Brown,5.53,Binders and Binder Accessories,1
611,147,Dana Swing-Arm Lamps,65,Hilary Holden,10.68,Office Furnishings,1
612,489,"Tenex 46"" x 60"" Computer Anti-Static Chairmat, Rectangular Shaped",65,Hilary Holden,105.98,Office Furnishings,1
613,305,HP Office Paper (20Lb. and 87 Bright),65,Hilary Holden,6.68,Paper,1
614,105,Bionaire Personal Warm Mist Humidifier/Vaporizer,59,Greg Guthrie,46.89,Appliances,1
615,9,"#10-4 1/8"" x 9 1/2"" Premium Diagonal Seam Envelopes",49,Erica Bern,15.74,Envelopes,1
616,248,GBC Standard Therm-A-Bind Covers,97,Noah Childs,24.92,Binders and Binder Accessories,1
617,197,Epson LQ-570e Dot Matrix Printer,97,Noah Childs,270.97,Office Machines,1
618,472,Staples Premium Bright 1-Part Blank Computer Paper,97,Noah Childs,12.28,Paper,1
619,395,Okidata ML390 Turbo Dot Matrix Printers,51,Evan Minnotte,442.14,Office Machines,0
620,292,"Hon Metal Bookcases, Black",60,Guy Armstrong,70.98,Bookcases,0
621,13,"24 Capacity Maxi Data Binder Racks, Pearl",60,Guy Armstrong,210.55,Storage & Organization,0
622,334,"Lesro Round Back Collection Coffee Table, End Table",60,Guy Armstrong,182.55,Tables,1
623,401,PC Concepts 116 Key Quantum 3000 Keyboard,35,Chuck Magee,32.98,Computer Peripherals,1
624,524,"Wilson Jones Ledger-Size, Piano-Hinge Binder, 2"", Blue",59,Greg Guthrie,40.98,Binders and Binder Accessories,0
625,115,Bretford ﾓJust In Timeﾔ Height-Adjustable Multi-Task Work Tables,59,Greg Guthrie,417.4,Tables,1
626,488,Telescoping Adjustable Floor Lamp,59,Greg Guthrie,19.99,Office Furnishings,0
627,540,Xerox 1898,59,Greg Guthrie,6.68,Paper,0
628,87,"Barricks Non-Folding Utility Table with Steel Legs, Laminate Tops",59,Greg Guthrie,85.29,Tables,1
629,27,ACCOHIDEﾮ Binder by Acco,28,Carlos Soltero,4.13,Binders and Binder Accessories,1
630,175,Eldon Executive Woodline II Cherry Finish Desk Accessories,28,Carlos Soltero,40.89,Office Furnishings,0
631,91,Belkin 8 Outlet Surge Protector,59,Greg Guthrie,40.98,Appliances,1
632,208,"Executive Impressions 14"" Contract Wall Clock",59,Greg Guthrie,22.23,Office Furnishings,1
633,277,"Holmes Replacement Filter for HEPA Air Cleaner, Large Room",34,Christopher Schild,14.81,Appliances,0
634,102,Bevis Steel Folding Chairs,78,Joy Smith,95.95,Chairs & Chairmats,1
635,262,"Global Leather and Oak Executive Chair, Black",78,Joy Smith,300.98,Chairs & Chairmats,0
636,457,"Snap-A-Wayﾮ Black Print Carbonless Ruled Speed Letter, Triplicate",78,Joy Smith,37.94,Paper,1
637,229,Fellowes Super Stor/Drawerﾮ Files,78,Joy Smith,161.55,Storage & Organization,1
638,344,Logitech Cordless Navigator Duo,78,Joy Smith,80.98,Computer Peripherals,0
639,455,Sharp EL500L Fraction Calculator,78,Joy Smith,13.99,Office Machines,0
640,517,White GlueTop Scratch Pads,78,Joy Smith,15.04,Paper,0
641,227,"Fellowes Strictly Businessﾮ Drawer File, Letter/Legal Size",60,Guy Armstrong,140.85,Storage & Organization,1
642,201,"Eureka Sanitaire ﾮ Multi-Pro Heavy-Duty Upright, Disposable Bags",21,Brian Moss,4.37,Appliances,0
643,133,Cardinal Holdit Business Card Pockets,21,Brian Moss,4.98,Binders and Binder Accessories,0
644,455,Sharp EL500L Fraction Calculator,60,Guy Armstrong,13.99,Office Machines,1
645,496,Tennsco Commercial Shelving,60,Guy Armstrong,20.34,Storage & Organization,0
646,498,Tennsco Industrial Shelving,75,Jim Sink,48.91,Storage & Organization,1
647,393,Office Star Flex Back Scooter Chair with Aluminum Finish Frame,28,Carlos Soltero,100.89,Chairs & Chairmats,1
648,140,Colored Envelopes,71,Jennifer Braxton,3.69,Envelopes,1
649,564,Xerox 197,61,Harold Engle,30.98,Paper,1
650,113,Bretford CR4500 Series Slim Rectangular Table,61,Harold Engle,348.21,Tables,0
651,566,Xerox 1976,28,Carlos Soltero,6.48,Paper,1
652,280,Hon 2090 ﾓPillow Softﾔ Series Mid Back Swivel/Tilt Chairs,65,Hilary Holden,280.98,Chairs & Chairmats,1
653,267,Hammermill Color Copier Paper (28Lb. and 96 Bright),65,Hilary Holden,9.99,Paper,0
654,244,"GBC Prepunched Paper, 19-Hole, for Binding Systems, 24-lb",86,Logan Haushalter,15.01,Binders and Binder Accessories,1
655,29,"Acme Design Line 8"" Stainless Steel Bent Scissors w/Champagne Handles, 3-1/8"" Cut",60,Guy Armstrong,6.84,"Scissors, Rulers and Trimmers",0
656,450,Serrated Blade or Curved Handle Hand Letter Openers,49,Erica Bern,3.14,"Scissors, Rulers and Trimmers",1
657,253,"GE 48"" Fluorescent Tube, Cool White Energy Saver, 34 Watts, 30/Box",86,Logan Haushalter,99.23,Office Furnishings,1
658,290,Hon GuestStacker Chair,61,Harold Engle,226.67,Chairs & Chairmats,1
659,93,Belkin ErgoBoardﾙ Keyboard,34,Christopher Schild,30.98,Computer Peripherals,0
660,503,"TOPS Money Receipt Book, Consecutively Numbered in Red,",63,Helen Abelman,8.01,Paper,1
661,574,Xerox 1989,63,Helen Abelman,4.98,Paper,0
662,252,"GE 4 Foot Flourescent Tube, 40 Watt",68,Jack Lebron,14.98,Office Furnishings,1
663,121,"Bush Westfield Collection Bookcases, Fully Assembled",68,Jack Lebron,100.98,Bookcases,0
664,385,Nu-Dell Leatherette Frames,68,Jack Lebron,14.34,Office Furnishings,1
665,364,"Micro Innovations Micro Digital Wireless Keyboard and Mouse, Gray",57,Giulietta Baptist,83.1,Computer Peripherals,0
666,457,"Snap-A-Wayﾮ Black Print Carbonless Ruled Speed Letter, Triplicate",57,Giulietta Baptist,37.94,Paper,0
667,578,Xerox 1994,75,Jim Sink,6.48,Paper,0
668,162,Dixon Ticonderoga Core-Lock Colored Pencils,80,Julie Creighton,9.11,Pens & Art Supplies,1
669,225,Fellowes Staxonsteelﾮ Drawer Files,108,Sanjit Chand,193.17,Storage & Organization,0
670,398,Panasonic KP-350BK Electric Pencil Sharpener with Auto Stop,89,Matt Collins,34.58,Pens & Art Supplies,1
671,269,Hanging Personal Folder File,89,Matt Collins,15.7,Storage & Organization,0
672,357,"Memorex 4.7GB DVD+RW, 3/Pack",89,Matt Collins,28.48,Computer Peripherals,0
673,528,"Wirebound Message Books, Four 2 3/4"" x 5"" Forms per Page, 600 Sets per Book",81,Justin Knight,9.27,Paper,1
674,392,Office Star - Task Chair with Contemporary Loop Arms,104,Rob Haberlin,90.98,Chairs & Chairmats,0
675,22,Acco Permaﾮ 3000 Stacking Storage Drawers,104,Rob Haberlin,20.98,Storage & Organization,1
676,18,"80 Minute CD-R Spindle, 100/Pack - Staples",104,Rob Haberlin,39.48,Computer Peripherals,0
677,56,Avery 479,104,Rob Haberlin,2.61,Labels,0
678,213,Fellowes Bankers Boxﾙ Staxonsteelﾮ Drawer File/Stacking System,104,Rob Haberlin,64.98,Storage & Organization,1
679,323,"Imation Printable White 80 Minute CD-R Spindle, 50/Pack",33,Christina Vanderzanden,40.98,Computer Peripherals,0
680,191,Eldonﾮ Gobal File Keepers,33,Christina Vanderzanden,15.14,Storage & Organization,0
681,327,Kensington 7 Outlet MasterPieceﾮ HOMEOFFICE Power Control Center,89,Matt Collins,131.12,Appliances,1
682,454,Sharp AL-1530CS Digital Copier,108,Sanjit Chand,499.99,Copiers and Fax,1
683,452,"Seth Thomas 13 1/2"" Wall Clock",89,Matt Collins,17.78,Office Furnishings,0
684,491,"Tenex Carpeted, Granite-Look or Clear Contemporary Contour Shape Chair Mats",81,Justin Knight,70.71,Office Furnishings,0
685,114,Bretford Rectangular Conference Table Tops,81,Justin Knight,376.13,Tables,0
686,529,Wirebound Voice Message Log Book,104,Rob Haberlin,4.76,Paper,1
687,18,"80 Minute CD-R Spindle, 100/Pack - Staples",84,Lena Cacioppo,39.48,Computer Peripherals,1
688,63,Avery 493,84,Lena Cacioppo,4.91,Labels,0
689,389,O'Sullivan Manor Hill 2-Door Library in Brianna Oak,83,Kimberly Carter,180.98,Bookcases,0
690,384,Novimex Swivel Fabric Task Chair,56,Gene Hale,150.98,Chairs & Chairmats,1
691,322,"Imation Primaris 3.5"" 2HD Unformatted Diskettes, 10/Pack",33,Christina Vanderzanden,4.77,Computer Peripherals,0
692,418,Project Tote Personal File,89,Matt Collins,14.03,Storage & Organization,0
693,16,3M Organizer Strips,107,Sally Knutson,5.4,Binders and Binder Accessories,0
694,315,"Imation 3.5"" DS-HD Macintosh Formatted Diskettes, 10/Pack",83,Kimberly Carter,7.28,Computer Peripherals,1
695,439,"Sanford Colorific Colored Pencils, 12/Box",33,Christina Vanderzanden,2.88,Pens & Art Supplies,0
696,541,Xerox 1899,83,Kimberly Carter,5.78,Paper,0
697,320,"Imation IBM Formatted Diskettes, 100/Pack",83,Kimberly Carter,28.48,Computer Peripherals,1
698,85,Barrel Sharpener,104,Rob Haberlin,3.57,Pens & Art Supplies,0
699,266,"Gould Plastics 9-Pocket Panel Bin, 18-3/8w x 5-1/4d x 20-1/2h, Black",81,Justin Knight,52.99,Storage & Organization,0
700,120,"Bush Westfield Collection Bookcases, Dark Cherry Finish, Fully Assembled",81,Justin Knight,100.98,Bookcases,1
701,84,Bagged Rubber Bands,33,Christina Vanderzanden,1.26,Rubber Bands,1
702,268,Hammermill CopyPlus Copy Paper (20Lb. and 84 Bright),88,Marina Lichtenstein,4.98,Paper,0
703,525,Wilson Jonesﾮ Four-Pocket Poly Binders,81,Justin Knight,6.54,Binders and Binder Accessories,1
704,166,"Dual Level, Single-Width Filing Carts",81,Justin Knight,155.06,Storage & Organization,1
705,169,Economy Binders,56,Gene Hale,2.08,Binders and Binder Accessories,0
706,391,Office Star - Mid Back Dual function Ergonomic High Back Chair with 2-Way Adjustable Arms,56,Gene Hale,160.98,Chairs & Chairmats,1
707,530,X-Rackﾙ File for Hanging Folders,56,Gene Hale,11.29,Storage & Organization,1
708,512,"Verbatim DVD-RAM, 5.2GB, Rewritable, Type 1, DS",104,Rob Haberlin,29.89,Computer Peripherals,1
709,375,Newell 323,56,Gene Hale,1.68,Pens & Art Supplies,0
710,181,Eldon Portable Mobile Manager,56,Gene Hale,28.28,Storage & Organization,0
711,74,Avery Binder Labels,90,Michelle Arnett,3.89,Binders and Binder Accessories,0
712,179,Eldon Jumbo ProFileﾙ Portable File Boxes Graphite/Black,107,Sally Knutson,15.31,Storage & Organization,0
713,351,"Master Giant Footﾮ Doorstop, Safety Yellow",104,Rob Haberlin,7.59,Office Furnishings,0
714,373,Newell 315,81,Justin Knight,5.98,Pens & Art Supplies,0
715,331,Kleencutﾮ Forged Office Shears by Acme United Corporation,81,Justin Knight,2.08,"Scissors, Rulers and Trimmers",1
716,572,Xerox 1983,81,Justin Knight,5.98,Paper,1
717,80,Avery Poly Binder Pockets,110,Seth Vernon,3.58,Binders and Binder Accessories,1
718,121,"Bush Westfield Collection Bookcases, Fully Assembled",110,Seth Vernon,100.98,Bookcases,1
719,561,Xerox 196,110,Seth Vernon,5.78,Paper,0
720,385,Nu-Dell Leatherette Frames,56,Gene Hale,14.34,Office Furnishings,0
721,140,Colored Envelopes,87,Luke Weiss,3.69,Envelopes,1
722,415,"Pressboard Covers with Storage Hooks, 9 1/2"" x 11"", Light Blue",81,Justin Knight,4.91,Binders and Binder Accessories,0
723,184,Eldon Simplefileﾮ Box Officeﾮ,104,Rob Haberlin,12.44,Storage & Organization,1
724,400,Panasonic KX-P3200 Dot Matrix Printer,108,Sanjit Chand,297.64,Office Machines,1
725,520,Wilson Jones DublLockﾮ D-Ring Binders,81,Justin Knight,6.75,Binders and Binder Accessories,1
726,522,"Wilson Jones Hanging View Binder, White, 1""",81,Justin Knight,7.1,Binders and Binder Accessories,0
727,214,"Fellowes Basic 104-Key Keyboard, Platinum",81,Justin Knight,20.95,Computer Peripherals,1
728,310,Ibico Recycled Linen-Style Covers,81,Justin Knight,39.06,Binders and Binder Accessories,1
729,449,Self-Adhesive Ring Binder Labels,81,Justin Knight,3.52,Binders and Binder Accessories,1
730,493,"Tenex File Box, Personal Filing Tote with Lid, Black",81,Justin Knight,15.51,Storage & Organization,0
731,148,DAX Clear Channel Poster Frame,87,Luke Weiss,14.58,Office Furnishings,1
732,19,"80 Minute Slim Jewel Case CD-R , 10/Pack - Staples",33,Christina Vanderzanden,8.33,Computer Peripherals,0
733,536,Xerox 1891,33,Christina Vanderzanden,48.91,Paper,1
734,585,Xerox 220,84,Lena Cacioppo,6.48,Paper,1
735,143,Computer Printout Paper with Letter-Trim Perforations,110,Seth Vernon,18.97,Paper,0
736,514,Wausau Papers Astrobrightsﾮ Colored Envelopes,108,Sanjit Chand,5.98,Envelopes,1
737,210,"Executive Impressions 8-1/2"" Career Panel/Partition Cubicle Clock",108,Sanjit Chand,10.4,Office Furnishings,0
738,94,Belkin MediaBoard 104- Keyboard,80,Julie Creighton,27.48,Computer Peripherals,0
739,204,"Executive Impressions 12"" Wall Clock",108,Sanjit Chand,17.67,Office Furnishings,0
740,460,Southworth 25% Cotton Antique Laid Paper & Envelopes,108,Sanjit Chand,8.34,Paper,0
741,185,"Eldon Spacemakerﾮ Box, Quick-Snap Lid, Clear",11,Anthony Johnson,3.34,Pens & Art Supplies,1
742,579,Xerox 1995,11,Anthony Johnson,6.48,Paper,1
743,297,Honeywell Quietcare HEPA Air Cleaner,83,Kimberly Carter,78.65,Appliances,1
744,577,Xerox 1993,83,Kimberly Carter,6.48,Paper,1
745,288,"Hon Deluxe Fabric Upholstered Stacking Chairs, Rounded Back",88,Marina Lichtenstein,243.98,Chairs & Chairmats,1
746,481,"Strathmore #10 Envelopes, Ultimate White",108,Sanjit Chand,52.71,Envelopes,1
747,212,Fellowes 8 Outlet Superior Workstation Surge Protector,107,Sally Knutson,41.71,Appliances,1
748,505,"Tyvek Interoffice Envelopes, 9 1/2"" x 12 1/2"", 100/Box",107,Sally Knutson,60.98,Envelopes,1
749,232,Fiskarsﾮ Softgrip Scissors,87,Luke Weiss,10.98,"Scissors, Rulers and Trimmers",0
750,443,Sanyo 2.5 Cubic Foot Mid-Size Office Refrigerators,11,Anthony Johnson,279.81,Appliances,0
751,565,Xerox 1971,87,Luke Weiss,4.28,Paper,1
752,337,Lexmark Z54se Color Inkjet Printer,87,Luke Weiss,90.97,Office Machines,0
753,413,"Premier Elliptical Ring Binder, Black",104,Rob Haberlin,30.44,Binders and Binder Accessories,0
754,520,Wilson Jones DublLockﾮ D-Ring Binders,80,Julie Creighton,6.75,Binders and Binder Accessories,1
755,362,Micro Innovations 104 Keyboard,80,Julie Creighton,10.97,Computer Peripherals,1
756,176,"Eldon Expressions Punched Metal & Wood Desk Accessories, Pewter & Cherry",81,Justin Knight,10.64,Office Furnishings,1
757,199,Eureka Disposable Bags for Sanitaireﾮ Vibra Groomer Iﾮ Upright Vac,107,Sally Knutson,4.06,Appliances,0
758,247,GBC Standard Plastic Binding Systems Combs,107,Sally Knutson,8.85,Binders and Binder Accessories,1
759,72,Avery 520,107,Sally Knutson,3.15,Labels,0
760,221,"Fellowes Premier Superior Surge Suppressor, 10-Outlet, With Phone and Remote",90,Michelle Arnett,48.92,Appliances,0
761,135,"Cardinal Slant-Dﾮ Ring Binder, Heavy Gauge Vinyl",90,Michelle Arnett,8.69,Binders and Binder Accessories,0
762,232,Fiskarsﾮ Softgrip Scissors,80,Julie Creighton,10.98,"Scissors, Rulers and Trimmers",0
763,503,"TOPS Money Receipt Book, Consecutively Numbered in Red,",107,Sally Knutson,8.01,Paper,0
764,587,Xerox 226,107,Sally Knutson,6.48,Paper,0
765,438,Sanford 52201 APSCO Electric Pencil Sharpener,107,Sally Knutson,40.97,Pens & Art Supplies,0
766,332,Laminate Occasional Tables,107,Sally Knutson,154.13,Tables,0
767,429,Round Ring Binders,83,Kimberly Carter,2.08,Binders and Binder Accessories,1
768,167,Durable Pressboard Binders,104,Rob Haberlin,3.8,Binders and Binder Accessories,0
769,71,Avery 52,104,Rob Haberlin,3.69,Labels,0
770,62,Avery 492,107,Sally Knutson,2.88,Labels,0
771,205,"Executive Impressions 13"" Chairman Wall Clock",107,Sally Knutson,25.38,Office Furnishings,0
772,104,Binder Posts,88,Marina Lichtenstein,5.74,Binders and Binder Accessories,1
773,66,Avery 498,32,Christina DeMoss,2.89,Labels,0
774,536,Xerox 1891,32,Christina DeMoss,48.91,Paper,1
775,161,DIXON Orioleﾮ Pencils,87,Luke Weiss,2.58,Pens & Art Supplies,0
776,75,Avery Durable Binders,107,Sally Knutson,2.88,Binders and Binder Accessories,0
777,70,Avery 510,90,Michelle Arnett,3.75,Labels,0
778,483,"Super Bands, 12/Pack",90,Michelle Arnett,1.86,Rubber Bands,0
779,466,Staples 6 Outlet Surge,11,Anthony Johnson,11.97,Appliances,1
780,341,Lock-Up Easel 'Spel-Binder',11,Anthony Johnson,28.53,Binders and Binder Accessories,1
781,356,"Memorex 4.7GB DVD+R, 3/Pack",11,Anthony Johnson,15.28,Computer Peripherals,0
782,17,"3M Polarizing Task Lamp with Clamp Arm, Light Gray",87,Luke Weiss,136.98,Office Furnishings,0
783,37,"Advantus Employee of the Month Certificate Frame, 11 x 13-1/2",87,Luke Weiss,30.93,Office Furnishings,1
784,394,Office Star Flex Back Scooter Chair with White Frame,104,Rob Haberlin,110.98,Chairs & Chairmats,0
785,301,"Howard Miller 11-1/2"" Diameter Ridgewood Wall Clock",93,Monica Federle,51.94,Office Furnishings,1
786,461,Southworth 25% Cotton Premium Laser Paper and Envelopes,93,Monica Federle,19.98,Paper,0
787,302,Howard Miller 12-3/4 Diameter Accuwave DS ﾙ Wall Clock,83,Kimberly Carter,78.69,Office Furnishings,0
788,341,Lock-Up Easel 'Spel-Binder',90,Michelle Arnett,28.53,Binders and Binder Accessories,1
789,451,"Seth Thomas 12"" Clock w/ Goldtone Case",108,Sanjit Chand,22.98,Office Furnishings,0
790,99,Bevis Round Conference Room Tables and Bases,108,Sanjit Chand,179.29,Tables,0
791,5,#10 Self-Seal White Envelopes,88,Marina Lichtenstein,11.09,Envelopes,1
792,534,Xerox 1885,78,Joy Smith,48.04,Paper,1
793,229,Fellowes Super Stor/Drawerﾮ Files,32,Christina DeMoss,161.55,Storage & Organization,0
794,39,"Advantus Push Pins, Aluminum Head",93,Monica Federle,5.81,Rubber Bands,1
795,21,Acco Permaﾮ 2700 Stacking Storage Drawers,93,Monica Federle,29.74,Storage & Organization,1
796,23,"Acco Pressboard Covers with Storage Hooks, 14 7/8"" x 11"", Dark Blue",90,Michelle Arnett,3.81,Binders and Binder Accessories,0
797,102,Bevis Steel Folding Chairs,90,Michelle Arnett,95.95,Chairs & Chairmats,1
798,476,"Staples Vinyl Coated Paper Clips, 800/Box",90,Michelle Arnett,7.89,Rubber Bands,0
799,96,Bevis 36 x 72 Conference Tables,90,Michelle Arnett,124.49,Tables,1
800,488,Telescoping Adjustable Floor Lamp,90,Michelle Arnett,19.99,Office Furnishings,1
801,495,"Tenex Personal Self-Stacking Standard File Box, Black/Gray",90,Michelle Arnett,16.91,Storage & Organization,1
802,39,"Advantus Push Pins, Aluminum Head",107,Sally Knutson,5.81,Rubber Bands,1
803,363,"Micro Innovations Micro 3000 Keyboard, Black",107,Sally Knutson,26.31,Computer Peripherals,0
804,121,"Bush Westfield Collection Bookcases, Fully Assembled",78,Joy Smith,100.98,Bookcases,1
805,127,Canon MP41DH Printing Calculator,78,Joy Smith,150.98,Office Machines,0
806,92,Belkin 8 Outlet SurgeMaster II Gold Surge Protector,12,Anthony O'Donnell,59.98,Appliances,1
807,148,DAX Clear Channel Poster Frame,12,Anthony O'Donnell,14.58,Office Furnishings,0
808,355,"Memorex 4.7GB DVD-RAM, 3/Pack",48,Emily Grady,31.78,Computer Peripherals,0
809,412,Prang Drawing Pencil Set,48,Emily Grady,2.78,Pens & Art Supplies,0
810,203,Euro Pro Shark Stick Mini Vacuum,4,Alex Avila,60.98,Appliances,1
811,432,SAFCO Arco Folding Chair,21,Brian Moss,276.2,Chairs & Chairmats,0
812,170,Eldon Advantageﾮ Chair Mats for Low to Medium Pile Carpets,48,Emily Grady,43.31,Office Furnishings,0
813,306,HP Office Recycled Paper (20Lb. and 87 Bright),9,Anna Andreadi,5.78,Paper,1
814,345,Logitech Internet Navigator Keyboard,48,Emily Grady,30.98,Computer Peripherals,1
815,27,ACCOHIDEﾮ Binder by Acco,13,Barbara Fisher,4.13,Binders and Binder Accessories,0
816,388,"O'Sullivan Elevations Bookcase, Cherry Finish",13,Barbara Fisher,130.98,Bookcases,0
817,450,Serrated Blade or Curved Handle Hand Letter Openers,48,Emily Grady,3.14,"Scissors, Rulers and Trimmers",0
818,506,"Tyvek ﾮ Top-Opening Peel & Seel Envelopes, Plain White",82,Kelly Williams,27.18,Envelopes,0
819,328,Keytronic 105-Key Spanish Keyboard,112,Sonia Sunley,73.98,Computer Peripherals,0
820,4,"*Staples* vLetter Openers, 2/Pack",112,Sonia Sunley,3.68,"Scissors, Rulers and Trimmers",0
821,284,Hon 4700 Series Mobuisﾙ Mid-Back Task Chairs with Adjustable Arms,112,Sonia Sunley,355.98,Chairs & Chairmats,1
822,391,Office Star - Mid Back Dual function Ergonomic High Back Chair with 2-Way Adjustable Arms,112,Sonia Sunley,160.98,Chairs & Chairmats,1
823,254,Global Adaptabilitiesﾙ Conference Tables,112,Sonia Sunley,280.98,Tables,1
824,367,Motorola SB4200 Cable Modem,112,Sonia Sunley,179.99,Computer Peripherals,0
825,29,"Acme Design Line 8"" Stainless Steel Bent Scissors w/Champagne Handles, 3-1/8"" Cut",76,Jocasta Rupert,6.84,"Scissors, Rulers and Trimmers",0
826,324,Jet-Pak Recycled Peel 'N' Seal Padded Mailers,112,Sonia Sunley,35.89,Envelopes,0
827,520,Wilson Jones DublLockﾮ D-Ring Binders,82,Kelly Williams,6.75,Binders and Binder Accessories,0
828,482,Strathmore Photo Mount Cards,9,Anna Andreadi,6.78,Paper,0
829,568,Xerox 1978,102,Rick Duston,5.78,Paper,0
830,251,"GBC White Gloss Covers, Plain Front",112,Sonia Sunley,14.48,Binders and Binder Accessories,0
831,236,GBC DocuBind 200 Manual Binding Machine,7,Angele Hood,420.98,Binders and Binder Accessories,0
832,448,Self-Adhesive Address Labels for Typewriters by Universal,112,Sonia Sunley,7.31,Labels,0
833,388,"O'Sullivan Elevations Bookcase, Cherry Finish",112,Sonia Sunley,130.98,Bookcases,0
834,536,Xerox 1891,112,Sonia Sunley,48.91,Paper,1
835,222,Fellowes Recycled Storage Drawers,112,Sonia Sunley,111.03,Storage & Organization,1
836,10,"1.7 Cubic Foot Compact ""Cube"" Office Refrigerators",112,Sonia Sunley,208.16,Appliances,1
837,149,"DAX Contemporary Wood Frame with Silver Metal Mat, Desktop, 11 x 14 Size",41,Dennis Bolton,20.24,Office Furnishings,0
838,371,Newell 312,113,Stewart Carmichael,5.84,Pens & Art Supplies,1
839,59,Avery 487,41,Dennis Bolton,3.69,Labels,0
840,59,Avery 487,112,Sonia Sunley,3.69,Labels,1
841,450,Serrated Blade or Curved Handle Hand Letter Openers,112,Sonia Sunley,3.14,"Scissors, Rulers and Trimmers",0
842,200,"Eureka Hand Vacuum, Bagless",113,Stewart Carmichael,49.43,Appliances,1
843,40,Airmail Envelopes,82,Kelly Williams,83.93,Envelopes,1
844,330,Keytronic French Keyboard,112,Sonia Sunley,73.98,Computer Peripherals,0
845,485,TDK 4.7GB DVD-R,82,Kelly Williams,10.01,Computer Peripherals,1
846,415,"Pressboard Covers with Storage Hooks, 9 1/2"" x 11"", Light Blue",112,Sonia Sunley,4.91,Binders and Binder Accessories,1
847,294,Hon Olson Stacker Stools,112,Sonia Sunley,140.81,Chairs & Chairmats,0
848,372,Newell 314,112,Sonia Sunley,5.58,Pens & Art Supplies,0
849,260,Global Ergonomic Managers Chair,112,Sonia Sunley,180.98,Chairs & Chairmats,1
850,579,Xerox 1995,112,Sonia Sunley,6.48,Paper,1
851,91,Belkin 8 Outlet Surge Protector,9,Anna Andreadi,40.98,Appliances,0
852,124,Canon Image Class D660 Copier,110,Seth Vernon,599.99,Copiers and Fax,0
853,546,Xerox 1919,110,Seth Vernon,40.99,Paper,0
854,179,Eldon Jumbo ProFileﾙ Portable File Boxes Graphite/Black,110,Seth Vernon,15.31,Storage & Organization,0
855,95,Berol Giant Pencil Sharpener,109,Sarah Foster,16.99,Pens & Art Supplies,1
856,511,Verbatim DVD-R 4.7GB authoring disc,4,Alex Avila,39.24,Computer Peripherals,0
857,503,"TOPS Money Receipt Book, Consecutively Numbered in Red,",4,Alex Avila,8.01,Paper,0
858,588,Xerox 227,9,Anna Andreadi,6.48,Paper,1
859,447,"Sauder Forest Hills Library, Woodland Oak Finish",7,Angele Hood,140.98,Bookcases,0
860,250,GBC VeloBinder Electric Binding Machine,112,Sonia Sunley,120.98,Binders and Binder Accessories,1
861,335,"Lesro Sheffield Collection Coffee Table, End Table, Center Table, Corner Table",9,Anna Andreadi,71.37,Tables,1
862,32,"Adams Phone Message Book, Professional, 400 Message Capacity, 5 3/6ﾔ x 11ﾔ",4,Alex Avila,6.98,Paper,1
863,365,Microsoft Internet Keyboard,73,Jim Karlsson,20.97,Computer Peripherals,0
864,562,Xerox 1962,112,Sonia Sunley,4.28,Paper,1
865,256,Global Commerceﾙ Series High-Back Swivel/Tilt Chairs,85,Lisa DeCherney,284.98,Chairs & Chairmats,1
866,521,Wilson Jones Easy Flow IIﾙ Sheet Lifters,13,Barbara Fisher,1.8,Binders and Binder Accessories,1
867,83,Avery White Multi-Purpose Labels,13,Barbara Fisher,4.98,Labels,0
868,575,Xerox 199,85,Lisa DeCherney,4.28,Paper,1
869,114,Bretford Rectangular Conference Table Tops,85,Lisa DeCherney,376.13,Tables,1
870,117,Bush Advantage Collectionﾮ Racetrack Conference Table,85,Lisa DeCherney,424.21,Tables,0
871,287,Hon Comfortaskﾮ Task/Swivel Chairs,13,Barbara Fisher,113.98,Chairs & Chairmats,0
872,211,Fellowes 17-key keypad for PS/2 interface,13,Barbara Fisher,30.73,Computer Peripherals,0
873,555,Xerox 1938,13,Barbara Fisher,47.9,Paper,0
874,204,"Executive Impressions 12"" Wall Clock",4,Alex Avila,17.67,Office Furnishings,0
875,282,Hon 4070 Series Pagodaﾙ Armless Upholstered Stacking Chairs,7,Angele Hood,291.73,Chairs & Chairmats,0
876,424,Rediform S.O.S. Phone Message Books,110,Seth Vernon,4.98,Paper,1
877,478,Staplesﾮ General Use 3-Ring Binders,109,Sarah Foster,1.88,Binders and Binder Accessories,1
878,36,Adesso Programmable 142-Key Keyboard,82,Kelly Williams,152.48,Computer Peripherals,0
879,26,"ACCOHIDEﾮ 3-Ring Binder, Blue, 1""",41,Dennis Bolton,4.13,Binders and Binder Accessories,0
880,42,Ampad #10 Peel & Seelﾮ Holiday Envelopes,41,Dennis Bolton,4.48,Envelopes,1
881,315,"Imation 3.5"" DS-HD Macintosh Formatted Diskettes, 10/Pack",106,Roy Skaria,7.28,Computer Peripherals,1
882,167,Durable Pressboard Binders,73,Jim Karlsson,3.8,Binders and Binder Accessories,0
883,262,"Global Leather and Oak Executive Chair, Black",73,Jim Karlsson,300.98,Chairs & Chairmats,1
884,16,3M Organizer Strips,13,Barbara Fisher,5.4,Binders and Binder Accessories,1
885,572,Xerox 1983,9,Anna Andreadi,5.98,Paper,0
886,38,Advantus Map Pennant Flags and Round Head Tacks,110,Seth Vernon,3.95,Rubber Bands,1
887,391,Office Star - Mid Back Dual function Ergonomic High Back Chair with 2-Way Adjustable Arms,4,Alex Avila,160.98,Chairs & Chairmats,1
888,89,"Belkin 107-key enhanced keyboard, USB/PS/2 interface",4,Alex Avila,17.98,Computer Peripherals,1
889,289,Hon Every-Dayﾮ Chair Series Swivel Task Chairs,112,Sonia Sunley,120.98,Chairs & Chairmats,1
890,64,Avery 494,85,Lisa DeCherney,2.61,Labels,1
891,544,Xerox 1905,41,Dennis Bolton,6.48,Paper,1
892,146,Dana Halogen Swing-Arm Architect Lamp,12,Anthony O'Donnell,40.97,Office Furnishings,0
893,353,Maxell DVD-RAM Discs,13,Barbara Fisher,16.48,Computer Peripherals,0
894,149,"DAX Contemporary Wood Frame with Silver Metal Mat, Desktop, 11 x 14 Size",13,Barbara Fisher,20.24,Office Furnishings,1
895,143,Computer Printout Paper with Letter-Trim Perforations,13,Barbara Fisher,18.97,Paper,1